cmpdname,CHEMBL238 - ECFP6 Fingerprint,CHEMBL218 - ECFP6 Fingerprint,CHEMBL3650 - ECFP6 Fingerprint,CHEMBL220 - ECFP6 Fingerprint,CHEMBL248 - ECFP6 Fingerprint,CHEMBL238 - Mol2Vec Fingerprint,CHEMBL218 - Mol2Vec Fingerprint,CHEMBL3650 - Mol2Vec Fingerprint,CHEMBL220 - Mol2Vec Fingerprint,CHEMBL248 - Mol2Vec Fingerprint,CHEMBL238 - PubChem Fingerprint,CHEMBL218 - PubChem Fingerprint,CHEMBL3650 - PubChem Fingerprint,CHEMBL220 - PubChem Fingerprint,CHEMBL248 - PubChem Fingerprint,CHEMBL238 - Atom Pairs Fingerprint,CHEMBL218 - Atom Pairs Fingerprint,CHEMBL3650 - Atom Pairs Fingerprint,CHEMBL220 - Atom Pairs Fingerprint,CHEMBL248 - Atom Pairs Fingerprint,CHEMBL238 - RDKit Fingerprint,CHEMBL218 - RDKit Fingerprint,CHEMBL3650 - RDKit Fingerprint,CHEMBL220 - RDKit Fingerprint,CHEMBL248 - RDKit Fingerprint
Ononin,6.637771294,5.686846944,5.291293175,5.545517427,4.839478792,5.725874532,6.608841095,6.355980527,5.413418154,5.496302313,5.683980233,4.923877756,5.500364213,5.61241908,4.91539377,5.522258496,5.325642416,5.794989725,5.207378428,5.024703503,5.325727997,5.373086017,5.28427039,5.319151199,5.338036216
Phaeantharine,4.812976524,5.115014426,6.596106818,4.625597474,6.204576412,5.98289132,6.545453874,5.841159723,6.181512889,4.606670904,6.07461677,5.584128614,5.156048007,5.479756396,4.878973876,6.44196206,5.998564107,5.539882673,6.865998127,5.728954658,4.996295945,6.137881481,6.153007259,5.227272661,5.448866604
(-)-Santiaguine,6.050649424,4.820512321,5.182091486,3.954918929,4.625863268,6.562866714,5.799152607,6.581362813,4.924276516,5.988065154,5.8066188,5.498798164,4.852607418,5.2635891,3.942417653,6.347886949,6.011265762,5.893696566,4.863273759,3.818951629,5.794728947,5.502530367,6.219721199,5.920418568,5.70969432
Geranylgeranyl diphosphate,5.716742704,5.246926932,5.352132242,4.51647517,5.238481951,5.547901169,5.71050634,5.214599028,4.693003861,3.465895349,5.1247463,5.262845387,4.992546159,4.343919239,4.882771124,5.807795891,5.786769588,5.810411264,4.236189247,5.024584899,5.307865681,5.352490731,4.682089928,4.243045352,4.107315929
beta-Caryophyllene,5.62693039,6.113681072,5.205654686,4.975846069,4.557680437,5.593344379,5.656095144,5.10639299,5.308320638,5.480694806,5.237448017,5.614306491,5.065776909,5.289319501,5.654384179,5.866025316,5.499798783,5.212907438,4.340120302,4.634835388,5.539701258,5.705562097,4.713680309,5.275157796,4.647466966
Melicopicine,4.775840869,5.159615696,4.359216888,5.337579183,5.219676555,5.035174935,5.37912022,5.260330141,5.069328719,6.198102559,5.412888271,5.818041387,4.81901749,6.098861177,5.639789935,5.410855924,5.024321942,4.470694517,5.123149165,5.526076092,5.553685956,5.5268417,5.347465388,5.074331978,5.105780266
Sinapaldehyde,5.096822469,4.596902902,5.047227248,5.672104208,4.677592165,5.18978258,5.232257578,4.859600605,4.944736533,4.900467038,5.518056242,5.327892501,4.911577817,4.677695278,4.473702929,4.912338216,4.907842745,4.424748997,5.21879648,4.899252976,5.732387046,5.078590684,5.022120331,4.800625116,4.703975868
Camellidin I,6.036217291,5.522558258,5.051544641,5.064488274,5.330003377,5.173990169,6.849285445,7.118380735,6.117733786,5.509567412,5.849501279,4.82257403,5.083057869,5.557422436,5.921125499,5.351307494,6.609354118,5.93728396,5.288658954,5.592097592,6.263467385,6.274759574,5.304767948,4.86835434,5.810175597
Peimine,6.02357643,5.247029797,5.001417958,5.186285296,4.784957847,5.782508558,6.087869667,5.263858592,4.234773248,5.395105055,5.830097118,5.914539339,4.978045097,4.368754856,4.052143444,5.429603103,6.378701168,5.775907926,5.07145569,5.456451023,5.675548537,5.2968686,5.151410185,4.829531114,5.025545029
Ecdysone,5.761647047,5.69143009,5.675815966,5.575850584,5.535506967,5.655288055,6.262716979,5.605415221,4.768487344,4.757213128,5.185088765,5.526049077,5.181688755,5.033851429,5.282836891,6.196408562,6.764769849,5.769700001,5.272983236,5.306353936,5.440386063,5.425919749,4.599285027,5.013159254,5.927935741
Eupatundin,5.751642872,5.353853182,5.810335691,5.098732136,4.547408795,5.892800104,5.753069576,5.581733216,4.887563032,5.408900978,4.809905892,5.508642688,5.40462449,5.43359742,5.031622441,5.394006312,6.032008174,5.435075314,5.332296816,5.263138544,5.747534206,5.279557972,5.294897422,4.927467019,4.346999316
Pseudoaconitine,5.013622385,4.676124943,5.986326252,5.542488027,7.173808201,5.607891959,6.342838514,5.729497421,5.433255755,5.456128109,5.999519848,5.490312838,5.499588543,6.053425888,6.223648471,5.670563963,6.911374392,5.969280987,5.057544723,5.20618536,6.146561191,5.642773646,5.880620844,5.287541878,5.193239433
(-)-Mesembrine,5.433343989,4.579497646,4.667399998,5.695268456,4.305574304,5.998358455,5.298911262,5.181791584,5.552064921,5.584227,6.222153265,5.353967674,4.751711616,4.911635561,5.579928427,5.128502445,5.294219092,4.960602819,4.85485996,5.121019833,5.583041061,5.263478105,5.556182023,6.25072397,5.88208772
"(1R,9R,10S,12R,13S,14R,16S,18R)-13-ethyl-8,15-diazahexacyclo[14.2.1.01,9.02,7.010,15.012,17]nonadeca-2,4,6-triene-14,18-diol",6.305886784,4.867002722,5.594197223,4.286587689,4.060587785,6.768145176,5.825059816,5.197476526,5.002525928,5.761493366,5.88251681,6.07632522,5.720210201,5.159389678,4.521191039,5.907820674,5.460879126,5.273820944,3.905384768,5.152738358,5.667406427,5.329486734,6.129260491,5.437396333,6.199941816
Cassiamin C,6.137715512,5.328862922,5.460405905,5.696063481,5.178321168,5.33408977,6.546371804,6.794085002,4.832156035,5.374067743,5.847117407,4.673549439,5.480042256,5.613195692,5.519835799,5.729163455,5.226316367,6.022077867,6.119346815,5.019095048,5.41448915,5.12254928,5.693663658,5.8637211,4.627555881
Gibberellin 20,5.435145247,5.020117385,5.345808987,4.865977529,5.252076783,6.239074851,5.563272511,5.511112886,4.902958228,5.081863886,5.275560323,5.137835199,5.052902167,5.438717139,5.757447097,5.955330251,5.033262176,5.452061789,4.563246159,4.948641101,5.833782292,5.16111886,5.250135103,5.056414479,5.326822972
alpha-Ylangene,5.481084335,5.582438955,5.786807367,5.486259775,5.215835541,4.84412106,5.398539028,4.867203655,5.401387119,5.442314156,5.534641853,5.340284879,4.774492469,5.141343102,5.580025938,6.632898918,5.152050368,4.375521323,4.398168558,5.088217164,5.377737112,5.58792928,4.695097179,5.003774013,4.624508535
Sayanedine,6.335307917,5.045255748,5.408259081,5.323248786,5.075827674,5.637815419,5.10001027,5.377585264,4.753869499,5.174083398,5.483855585,5.358236613,5.35355014,4.856053552,4.930783176,5.249031365,4.894358545,4.81785794,5.426228872,5.728295922,4.780975365,5.369262271,4.892928393,5.029005067,5.535485403
Glaucolide B,5.345732175,5.105136666,5.670831724,5.003002851,5.105187153,5.321797744,5.714134053,5.855722704,4.815065911,4.954273172,4.903802314,5.477481589,5.798830289,5.437997259,5.07465937,5.272743706,5.875345763,5.301843522,5.168181287,4.763779927,5.056950036,5.595066774,5.515495966,5.838436944,6.313809798
beta-D-glucosyl crocetin,6.275596115,5.885261003,5.262803183,4.349789667,6.088840871,5.321851382,5.521397326,6.447088273,5.288469557,4.655775445,5.835096809,5.604032263,5.11436994,4.711503164,4.629880633,6.22819444,5.353946304,6.188628611,4.802819643,5.938463438,5.254608846,5.647247448,5.891199745,4.815883671,5.842453661
"(R)-[(2S,5R)-5-ethenyl-1-azabicyclo[2.2.2]octan-2-yl]-quinolin-4-ylmethanol",5.62285115,6.086506214,4.878029731,4.764907611,5.689109352,6.515457466,4.748966983,5.230072326,5.540875598,5.855217601,5.137964399,5.111104226,4.935994403,5.080794453,4.187637802,6.031732146,4.919056292,5.0981198,4.741014851,5.401595179,6.070233335,5.10362167,6.241990398,5.78359653,4.500973242
Carolinianine,5.26768318,5.022220483,4.94268674,4.614799571,4.418370247,7.129892365,4.779423467,5.691586397,5.017708633,5.800221953,5.738884676,5.298682923,4.830370653,4.567650302,6.300846229,5.700643945,5.762034561,4.511002978,4.545271318,4.570916613,5.568028259,5.583331822,6.268718954,5.070142594,5.148192946
Sulfoglucobrassicin,5.685221088,5.992362005,4.983450919,5.108457518,5.309837811,5.932449131,6.361795668,6.161982852,5.367678546,4.702430797,6.034488116,5.255552467,5.283692954,5.247730091,4.745510641,5.167828136,6.087524065,5.410559829,5.306181413,4.938759125,6.051618793,5.667960323,6.425670932,4.734526675,5.049651146
12alpha-Hydroxyamoorstatin,5.520689877,5.274288292,5.284952932,5.005491794,4.910504587,5.81162872,5.839082296,5.936176827,5.263493025,5.596027908,5.904640087,5.232867206,5.124392189,5.610232684,4.921413561,5.636123101,6.698889693,6.003641509,4.974101383,5.017241091,6.403007029,4.869599447,6.1292003,5.466003533,4.783480545
2'-Hydroxydaidzein,5.428447421,5.020205007,5.618675441,4.817144504,3.672687462,4.824451153,5.287547033,5.556460336,5.595375849,4.590335566,5.227799478,5.28686625,5.479263123,5.422130627,4.68678411,4.904306408,5.350888905,5.300560967,5.11416777,5.041933602,4.954810401,5.545114999,5.185593325,4.65627082,5.956916139
(+)-Calycanthidine,6.631813423,4.953758733,5.736531666,4.167807563,3.957059845,6.537511467,5.875667699,6.235809792,4.619255904,6.279489114,5.914407312,5.95262708,5.297230787,6.027952304,4.404273297,5.959207383,5.708203431,5.279093131,4.841371231,5.584216837,6.050304597,6.975472275,6.059326368,5.837010657,5.926575693
Cyanidin-3-(p-coumaroyl)-rutinoside-5-glucoside,5.18881802,5.59417641,5.047088489,5.412746646,5.537685977,5.702142805,6.244826802,6.99083653,5.796169337,5.124644792,5.748414691,4.611367699,5.727623372,6.290068586,6.248139353,6.121103598,5.518825251,6.108438358,5.551014894,5.15658593,5.388602439,5.932838124,6.2482146,6.260002618,6.099909413
"8-azabicyclo[3.2.1]octane-2-carboxylic acid, 3-hydroxy-8-methyl-, methyl ester, (1R,2R,3S,5S)-",5.793371679,5.00097683,4.740134534,4.98964238,4.53587045,6.437302637,5.036153526,5.248899658,5.072407801,6.018339812,6.116074135,5.801451906,5.576196308,5.216426049,4.536611916,5.641423839,5.027729043,4.646282196,4.954377145,4.604391788,5.995863112,5.5683305,5.072571203,4.850893648,5.098724285
Phytyl diphosphate,5.949330675,5.116438378,6.712519094,4.764607706,4.876571289,5.840014916,5.813896728,4.89625452,4.387023082,3.991635432,5.032682403,5.502158279,5.313880828,4.793431694,5.165227777,5.524783552,6.078350761,5.056716248,4.650507579,4.100469755,5.37189523,5.239645511,4.661747163,4.703393592,4.210625376
Formononetin 7-O-glucoside-6''-O-malonate,5.722971221,5.936533641,5.171990925,5.944928837,5.66816468,5.458982023,6.502578016,6.653274005,5.478291272,5.484058872,5.71340304,4.674081527,5.419577696,5.61241908,5.007308038,5.300673361,5.034089031,5.598405131,4.97090636,4.634856256,5.257566074,5.903499153,6.232926681,5.324321611,5.358703489
Montanin,5.35822164,5.420506323,6.279664022,5.247163039,4.75109302,5.171005788,6.309491877,5.796074609,5.913139624,5.042217712,5.456046559,5.501223796,5.240712358,6.002181393,5.222759346,6.026422952,7.093897688,6.353449632,4.778433041,4.912045388,5.755126153,6.300372444,5.449184204,5.039279983,4.373077692
Nicotinate mononucleotide,5.342266005,5.630260924,4.758750945,4.828118632,5.572766464,5.551333661,5.360156694,6.498922524,3.970457563,4.660963842,6.011228979,5.014229374,5.367678443,4.378155346,5.448461472,5.378788703,5.272445129,5.449415003,4.288241646,4.477648487,5.304991665,6.054998538,4.904045038,5.03348794,5.165415167
Zoapatanol,5.731261974,5.269588631,5.34092905,4.291982984,5.465848482,5.212702585,5.887549539,5.050049631,4.682213318,4.880671869,5.235743612,5.700827344,5.23624361,4.758276492,4.709186235,5.516542078,6.375538032,5.062879642,4.68803363,4.96616621,5.444703127,5.952502038,5.017616582,4.56530253,4.499590714
Genistin,6.268492053,5.182417167,5.638051259,5.772240962,5.19695205,5.484048064,6.673322353,6.744644215,6.00581891,5.081307701,5.712849492,4.892459595,5.759923958,5.70337349,4.971378906,6.046352763,5.458357376,5.649822441,4.973539893,5.10495888,5.256429174,5.610062443,5.741452162,5.935513065,5.402020427
CID 46174063,5.548882756,5.261997493,6.05293156,5.283138696,4.88419586,5.707865411,5.390679694,5.44519046,4.260190037,4.88727373,5.884990742,5.081481292,5.255052261,5.077807079,4.952937642,6.043226259,4.984066323,5.488313637,4.53957441,4.855363913,6.637680293,5.805388161,6.080205147,5.459187524,4.120828266
Specionin,5.402405718,5.330199423,5.474413543,4.288132084,4.756697352,4.97175574,6.017139046,5.435114061,4.263156602,4.919176542,5.012237638,4.941540113,5.732987929,5.891719024,4.845710871,5.064276381,6.047742635,4.994142155,4.814298535,5.038517931,5.360310645,5.299677931,5.696652545,4.022961009,4.823239599
Anibine,6.396992292,4.777649306,5.301721538,5.579569284,4.900665985,5.663368927,4.77838172,4.595770197,4.794435369,5.123655451,5.620074322,4.936501008,6.183584455,5.34682037,5.378955013,5.468475201,4.789768272,4.430361785,4.952337698,5.399203594,5.426485785,5.562462139,6.022513604,4.888131024,5.007949246
"7,4'-Dihydroxyflavone",6.391959078,4.941422146,5.636332248,5.789598698,3.946349149,5.56581713,4.946250336,5.546679214,5.108110083,4.467894183,5.383733407,5.09079361,5.208725322,5.033923251,4.462476417,5.27327886,5.04619808,5.205597124,5.105644782,4.671082593,5.042403755,5.110230617,4.850689578,5.308465392,4.738946452
Cynaroside,6.262262281,4.778351087,5.312360778,6.269418775,5.226019137,5.707561459,6.086910898,6.765201324,5.93201272,4.694459859,5.800370936,4.516215801,5.90673362,6.472025753,5.301899734,5.444025,5.28514469,5.542772921,6.066020116,4.758722719,5.573197962,5.309313218,5.958960847,6.294349993,5.545788279
Mearsine,5.132728961,4.86552393,5.074540942,5.523791896,4.886957466,5.514902712,5.100152773,4.949724678,5.230217077,4.861444457,5.856599673,5.882360787,4.703885949,5.197310157,5.45566183,5.208195112,4.976021363,4.474622679,5.219162634,4.422569628,5.739166612,6.78700142,4.763591798,5.485380342,4.936094224
Elymoclavine,5.744228227,5.057772716,5.285456205,5.180705554,5.726493367,6.046178905,5.124442646,5.287862883,5.060873908,5.429382442,6.561263061,5.422454206,5.146976504,5.833073407,3.6395202,6.518366228,5.284700442,5.18709243,4.57234636,4.693815393,6.050365735,6.734140252,5.775404338,4.562000936,4.889540045
Methylconiine,5.489976628,5.429400886,5.153931609,4.108723772,4.743418311,6.621372232,4.908224125,4.704760304,5.44028686,5.510821938,5.588312618,5.45730867,5.085871055,5.09027689,5.091515218,5.530165845,5.111328953,4.854160294,4.631134817,4.743288775,5.908161789,5.163466063,4.792760121,4.764863096,3.877627208
Abyssinone I,6.506670328,5.011872238,5.573331406,4.35025782,5.376540604,5.745181261,6.102546129,5.884435449,5.020989402,4.437461329,4.919367352,5.005543681,5.385396563,4.416422496,4.524955734,5.752740728,5.729354739,4.884914199,4.403968238,4.816180595,6.106993189,5.473864423,5.430335934,4.208912279,4.913009026
Cucurbitacin D,5.451137857,5.281564086,5.328835104,4.718932411,5.135932428,5.695457135,6.158117376,5.323916768,5.296609722,5.62223434,5.221265003,5.281342278,5.163392766,4.826529909,4.689155052,6.03790664,6.18189116,5.659496655,5.476579779,5.485248733,5.529762579,5.66828487,5.26312844,5.374111817,5.000609583
Orobanchyl acetate,5.434049613,6.466991998,5.70268508,5.162427002,4.732121486,5.220396394,5.590907463,5.581908029,5.147648419,5.214191663,5.116096875,5.415036908,5.430409818,5.75786869,5.550655693,6.279968936,5.024395969,5.120646732,4.70651946,5.443589341,5.271642505,5.298208314,5.521156097,5.003177527,5.371903097
Thalmidine,6.762567662,4.673025577,5.248744494,4.35227557,4.520444982,6.659384575,7.130877847,5.604842815,4.122990481,7.203150407,6.489926362,5.334895587,5.052116204,4.450338258,3.278320803,6.36226876,7.549517028,4.900479081,4.582516548,5.550779888,4.646006241,5.777053197,6.059033306,3.910371249,4.662977912
Cerbertin,4.900995848,5.139937519,5.575147892,5.52847407,5.557852537,5.564849373,6.56198776,5.811922104,5.965299946,5.16277159,5.547500908,5.579207018,5.407330083,5.483091171,5.73229345,5.642091169,6.347296232,6.283863593,5.517362545,3.908132379,5.59173287,6.014594456,5.436801694,4.888169026,5.167059272
Neoabietadiene,5.535788222,5.323583712,5.620965667,5.4668021,4.607280258,5.154476416,5.724693201,5.008492354,5.269795332,5.50375706,5.075516791,5.469665881,4.761359933,5.080423831,4.765427527,5.66528206,5.589905975,5.19085631,5.529148591,3.826239563,5.597526799,5.450047396,4.664414809,5.361148719,4.533703011
Geniposide,6.349268684,4.739526261,5.16163971,5.182232847,4.603296574,6.013562039,6.630271234,6.802738927,5.27451454,4.622581569,5.420872301,5.298023246,5.094198278,4.783419345,4.573456948,5.530487484,5.565451643,5.165952896,4.832739596,3.380132639,5.580049042,6.301637405,4.975230115,4.494864841,4.119561097
Eriocarpin,5.244962767,4.850019012,5.970180549,4.957768012,5.285361466,5.378866192,5.92663901,5.830247751,6.121027763,5.067139993,5.56231782,5.298311836,5.545479201,5.657332846,5.277147659,5.362644206,5.997214468,5.935670647,4.987767757,4.753070154,5.931981172,5.96599448,5.382974853,4.971819547,4.780709204
Skullcapflavone II,5.111695762,5.142957904,5.577018741,5.761535949,4.539939855,4.873061881,5.367644266,5.821060817,4.751876799,5.10899483,5.573934781,4.854914666,5.56458034,6.061019321,5.353972255,5.451038984,5.340758545,4.586272859,4.739439567,5.210579537,5.899347908,6.586102892,6.130939967,5.57791034,5.159189222
(-)-Sativan,5.142018702,4.784289856,5.659748344,4.824694109,3.874490348,5.102936994,5.636739408,4.879886581,4.633940439,4.851745651,4.830048332,5.324229069,5.783838066,4.592548691,4.12074049,5.223520648,5.194944239,4.726423925,4.871301556,4.792375156,5.412467932,6.212104863,5.190832126,4.813127818,4.537790315
Celosianin II,5.312344017,5.218868596,6.222481639,5.306400426,4.987949938,5.720060395,6.118168824,6.675150704,5.491576457,4.778914199,6.692848815,5.029106644,6.571720682,5.900976295,4.334379929,6.459719611,6.958619279,7.744221445,6.050334439,5.523223173,5.081882876,6.255691944,6.791841156,5.263784244,6.683395054
(+)-Adlumine,5.480104623,5.171637801,5.374343599,4.689637754,4.844359657,5.92356747,5.953597681,5.81701084,5.261168352,5.89006106,6.430960748,5.155963611,5.478919516,3.638452924,3.539621949,6.252791029,6.032618437,4.573819672,4.821787694,5.613141217,6.066813715,5.347351878,6.124396863,4.197887141,4.855474001
"[(1'S,3'R,4'R,5'R,6'R,10'S,12'S,16'R,18'S,21'R)-2-hydroxy-1,4',6',12',17',17'-hexamethyl-18'-[(2S,3R,4S,5R)-3,4,5-trihydroxyoxan-2-yl]oxyspiro[3,6-dioxabicyclo[3.1.0]hexane-4,8'-9-oxahexacyclo[11.9.0.01,21.04,12.05,10.016,21]docos-13-ene]-3'-yl] acetate",6.445981167,6.073887892,5.706171771,4.964912053,4.293922309,5.708889596,6.935617073,5.318454204,5.939762583,5.187700097,5.438920625,4.967608242,4.972270159,5.780895366,5.164408589,5.856133174,6.838110795,6.564311349,4.53288291,4.779478836,6.20952325,5.867573935,5.41311582,4.572869167,5.360240877
(-)-Pellotine,6.55429618,4.790583965,5.115745445,4.349465485,4.430455173,5.084853763,5.390781902,4.900912466,4.293590154,5.265095287,6.186968483,5.120796959,5.757306912,3.752802005,4.438161027,4.996390126,5.195989524,4.889154029,4.627930568,4.523491935,5.273746716,5.455607699,6.053495316,4.135448997,4.921767612
Hernandezine,5.784889365,5.039569254,5.174608886,4.485484552,4.508888281,6.20596748,5.98002987,5.632189033,4.205233567,7.397453904,6.52523587,5.334895587,5.120097068,4.332915342,3.683425326,6.288267137,7.433623825,4.881423649,4.408680697,4.49008057,4.639361583,5.860222372,6.129309948,3.862961943,4.319763121
Senecionine N-oxide,5.23411398,5.097986369,5.214834326,5.196011777,4.77035558,5.488381729,5.874416665,5.581860934,4.660040343,4.842303164,5.337784555,6.061010952,5.168536914,3.54111522,5.385302457,5.340979409,5.469799206,5.717145842,5.212038413,5.410875528,4.767867448,6.018687056,6.863799001,4.823111008,5.466588976
Uplandicine,5.117270129,5.222102517,5.587554213,4.51345114,5.18943776,6.121076387,5.67031121,4.977725797,4.758526484,5.660115601,5.461637655,5.421364388,5.22022518,4.144736908,4.493627204,5.332117878,5.437044984,4.979338141,5.284277458,5.671437745,5.218642167,5.379979365,6.170827964,5.13882127,5.12327512
"1,7-Dimethyluric acid",5.041916207,5.419745973,5.037132482,5.284751064,4.313781694,5.140509859,4.848772398,5.090339381,4.51045215,4.687124454,5.344776075,5.083249803,5.193564405,4.680351891,4.916160238,5.607598537,4.738020708,5.26831683,4.951197057,4.210741618,5.500283039,4.918714615,5.279221038,5.013491294,5.171983686
Strychnine,6.357372924,4.907735934,5.116008839,5.462356924,4.696253872,6.136863681,5.479937774,5.222864597,4.891160061,5.982725663,7.48974039,5.71003317,5.066611806,4.865490774,5.418550248,6.260817344,4.949760468,4.833669531,4.099455531,5.708277948,5.447297802,5.489881643,6.185390519,5.169448585,6.948478562
ent-Kaur-16-en-19-ol,5.764441141,5.340748956,5.527733085,4.679329073,4.483251667,6.008256714,5.81016561,5.892843074,5.015011771,5.02780904,5.841106023,6.106911594,5.0599512,4.869504508,4.361030804,5.730515509,5.698803531,5.322896378,4.836522381,3.909744153,5.698540737,5.32283093,4.675293086,4.677460783,4.581048096
Casbene,5.802903584,6.451925735,5.525204839,5.035502721,4.646128338,5.65823574,6.016435151,5.353837023,4.895664563,5.29078968,5.169164017,5.674228183,4.943711303,5.334554396,5.716341732,6.380164498,5.567258944,5.023849154,4.67371917,4.309558867,5.686489533,5.732009587,4.698657714,5.471857942,4.097444201
Neral,5.374946054,4.656622667,5.550473235,5.018175585,4.936993622,5.199043197,5.159402271,5.21250077,4.071264467,5.30094235,5.427047165,5.808744843,5.004552316,4.150824005,4.832664892,5.361153613,5.080208518,4.340379879,4.921682922,4.633906396,5.540935054,5.447428256,4.391757291,4.331029588,4.285481671
Lycocernuine,5.217428721,5.080862705,4.845835292,4.778008682,4.251732739,7.021800658,4.754752877,5.230901587,4.302771494,5.551245962,5.968713332,5.576074183,4.937375383,4.846172989,6.571137817,5.761411438,5.579966689,4.423094839,4.823653657,4.543297626,5.430933154,5.697001103,5.675687441,5.07349973,5.088123556
Dehydrocycloguanandin,5.209251428,5.742323494,5.326750668,5.589808534,5.116525786,5.725213397,5.597831879,5.443293085,5.004035972,4.914057698,6.079030535,5.134650516,5.552032421,5.432462777,4.862963782,5.686673194,5.426544862,5.202692486,4.354940966,5.694984833,5.908828964,5.447683969,5.260332558,5.273185357,5.739687724
Shogaol,5.211047806,4.750749734,5.165851955,5.835531846,4.331862788,5.643392287,5.063198377,5.019110823,4.413977193,4.703360102,5.51717127,5.055026395,5.158133852,4.862854036,4.564192871,5.363752068,5.410936552,4.82997742,4.645586319,5.108087523,5.533072536,5.094465438,5.048337175,5.38293424,4.234161605
Robinin,6.017386542,5.601501602,4.939963071,6.218253559,5.817359473,5.852517713,6.000650236,6.750760902,7.361740397,5.215488849,5.553507767,4.536246639,5.823489084,6.758224626,5.667789823,5.458614047,5.801948451,5.425172444,5.592106214,5.700577155,5.174658349,5.527751954,6.346596797,7.577350798,6.131856213
Germanicol,5.10966369,5.751246146,5.571446521,5.332932674,5.670631226,6.389550303,6.237217981,6.012176469,4.695360946,5.45659119,5.724180291,5.604015123,5.063924782,4.687191937,4.321989259,5.597826925,6.004254426,5.764546225,4.842888478,4.466794495,5.318749143,5.41093877,4.62703053,4.330780139,4.435996173
(S)-autumnaline,4.907124697,5.563631544,5.726802837,4.44539897,5.027621103,5.207579377,5.65822011,5.565114577,5.422036531,5.195211458,6.052314442,4.68586097,5.928159856,4.049310804,3.173195308,5.236250391,6.094417607,5.143731304,4.360666215,4.710480233,5.333033101,5.780333641,5.912643312,4.562646836,4.766720777
Isoficine,6.733287243,4.561075492,5.408403674,5.110130393,4.376455323,6.084561398,5.246587372,5.676290872,5.081779514,5.196264432,6.337861811,5.14371883,5.823587933,5.173227763,4.760541178,6.074739833,5.077281947,5.263413276,5.158902379,5.919818334,5.970314359,6.407787908,6.141733607,5.476052309,4.905096504
Desmethylxanthohumol,5.581763863,4.883754853,6.244510643,5.393863772,4.565185971,5.168132511,4.777970062,5.875001399,5.487938728,4.931358239,5.097595604,5.041095983,5.196602945,5.12127748,4.232041701,6.315944604,5.571670103,5.272810614,4.810185981,5.348235198,5.502903818,5.210393208,5.099249736,4.977841258,5.172799783
Terminaline,5.412092161,5.899564178,5.295286957,3.683404109,6.418930302,5.172144226,6.188722441,5.282163325,4.325429694,5.268961995,6.294625931,5.979768641,4.991401727,4.481299152,4.432212364,5.289573911,5.749590358,4.989039238,4.934624637,4.795628512,5.665467545,5.489871826,4.927383736,4.804813583,4.6661073
Fernene,5.883711798,6.608378221,5.486219784,6.045751723,6.40820827,5.791750803,6.135389893,5.870647714,4.847879464,5.543553719,5.670601592,5.602293259,4.73273708,5.191240262,4.796136869,5.418340174,6.023735007,5.173886286,4.790987127,4.107738121,5.317218582,5.424333858,4.738154696,5.020432969,4.462589949
(-)-Berbine,5.811776529,5.291673485,4.657457401,4.89154888,4.700148568,6.08949971,5.305456857,4.862716166,4.50059447,4.833680928,5.499598816,5.465829236,4.839813855,5.21357784,3.43649709,5.989643239,5.308469728,4.374880271,4.985426882,5.625079026,5.577129447,5.755130585,5.255741545,5.094880054,4.216402167
CID 5281310,6.089523749,6.931926357,5.051413962,4.474379263,5.338914759,5.980168146,6.365373026,5.437395126,5.141438534,5.551297564,6.251944114,5.361946858,4.558241245,5.619709005,6.182146533,6.425067957,5.885631546,5.557892,5.705395989,5.137221781,6.718736567,5.659892193,5.969437988,5.309811006,6.185723786
Musennin,5.584691513,5.755296829,6.173518358,5.829915725,5.75249106,5.279442459,7.006245464,7.262369457,5.697009594,5.327855265,6.046351881,4.932839399,5.127220318,5.236345139,5.948255143,5.607327096,6.473045907,6.107708303,4.794120072,5.609657132,5.920148968,5.712475265,5.327666823,4.899655945,5.021513643
alpha-Cyclocostunolide,5.342476742,5.328816763,6.025936452,5.442764577,6.038693456,5.953829319,5.504587086,4.926536784,5.264293634,5.597360176,5.862729081,5.028535108,4.618339403,5.063139965,5.275450126,5.328894853,4.988441112,4.808389098,4.529098834,4.686619121,5.264308719,5.874856178,5.2967006,5.050698661,5.128864413
"(2R,3S)-3-hydroxy-8-methyl-8-azabicyclo[3.2.1]octane-2-carboxylic acid",5.622291482,4.735077298,4.882161315,4.645840494,4.58349025,6.514085331,5.122825824,5.481728556,5.09159428,5.985755712,6.094585449,5.806523271,5.576196308,5.26795383,4.428062569,5.385425068,4.951619045,4.433503053,4.973960081,4.517838448,5.908510893,5.410490951,5.077278871,4.798357227,5.170542622
Glycyphyllin,5.132445739,4.807827381,5.764238553,4.990445183,4.292450962,6.330022569,6.20195896,7.115608213,4.972677826,5.190703414,5.39301926,4.856280882,5.732172143,5.37405445,4.896765837,5.529822431,5.213064927,6.101402541,4.930156186,5.049605168,5.505985335,5.964657113,5.44298171,5.012166963,5.266114556
Diffutin,6.166454356,5.315011184,5.138443428,4.676009901,3.834370424,5.455624077,6.774976539,6.482965583,5.245463995,4.944318694,5.295883147,4.702439345,5.898356029,5.223133141,4.277874937,5.326839507,5.702460653,5.252184607,4.538455167,4.73032159,5.043334197,5.932264496,5.48637825,4.372117026,5.485737318
Gypsogenin,5.311673733,6.314221727,5.156928635,4.56034042,5.501718546,5.835272814,6.729560751,4.795333753,4.870660639,5.75884113,5.630545657,5.111775498,5.048319726,4.585358477,4.966016321,4.986776571,5.744151034,5.630200463,4.399794842,4.667606214,5.619384682,5.588276179,4.62405634,4.530253846,4.668451509
Visnadine,5.688191292,6.365042385,5.614353344,4.861084572,5.394832767,5.702791684,5.801670446,5.215870424,4.784731491,5.541451241,5.917945806,5.199061404,5.016246539,4.496514189,5.092451139,5.292206745,6.242773331,4.913740085,4.58428885,5.695484358,5.22820729,5.940849466,6.500358445,5.095446428,5.572247496
Diginatin,4.875558328,5.572530509,6.621650666,4.777587986,5.215227044,6.060485334,6.40547648,6.216137111,6.602854927,5.393039529,5.45707828,5.411390467,5.482032685,5.144830429,5.060824339,5.979445295,6.117073766,6.233249377,4.993499029,4.883941232,5.933432568,5.966123724,5.5280073,4.916494262,4.793875487
Acrophylline,5.2858318,4.830198257,6.275770932,5.008586663,5.677488453,5.002723141,5.457825183,4.898437379,4.810377505,4.621038141,6.118211462,6.025839114,5.102795793,5.671092138,5.010383303,5.440179336,5.085644442,4.60748911,5.621970802,4.320937659,5.13869198,5.774455904,6.052056388,5.690731893,5.369628625
Reticuline,5.411511771,5.074288638,4.792807615,4.428277066,4.6432753,5.063181712,6.023727125,5.390283756,4.393734188,5.195496045,6.632623034,4.670746978,5.310370635,4.040128082,3.259608286,5.192446235,5.8435698,4.981209659,4.430804901,4.712259876,5.369269674,5.538251245,5.786146083,4.47688427,4.953746543
Europine,4.936085256,5.630621492,5.839739279,4.685588895,5.75504387,5.936019024,5.378538036,4.861558193,5.138549668,5.515512969,5.461637655,5.421364388,5.22022518,4.253785895,4.505254261,5.474692408,5.489537945,5.286589468,4.408776299,5.400237757,5.19215724,5.350096244,5.928554043,5.029849115,5.280226032
Piceatannol,6.169447069,5.132429065,5.501244184,4.852855192,4.164636856,5.655032833,5.464578042,5.716233892,5.436060389,4.854834734,5.782916533,5.058868905,4.940138934,4.865546259,4.047330777,5.427866398,4.826100411,5.208267704,4.722484165,4.483957726,5.769235938,5.279093125,4.668143871,4.960846886,4.533571859
Piperlongumine,5.184511266,4.790991769,5.705774938,5.486818302,5.58028183,4.740348839,5.320603284,5.480418873,5.553764806,6.121986893,4.799322256,5.211178694,5.365907115,5.403646403,5.647008056,5.447573337,4.865536524,5.054778294,5.575923687,5.125268684,5.552343595,5.188334986,5.211607927,4.740617885,4.263571698
Florilenalin,5.311832498,5.279399532,5.106020572,4.982727106,4.3962944,5.816887845,4.973962564,5.289185293,4.796430596,4.800588305,4.610602304,5.372132732,5.531066697,5.217423099,5.033968917,4.941644085,5.522524179,4.856270093,4.776174562,4.669189582,5.585447062,5.198185569,5.471450922,5.124380834,4.829627695
Daidzein,5.336466467,5.187348046,5.651462622,5.375672445,4.028056313,5.438000233,5.26821678,5.164354593,4.920659948,4.552574441,5.178892018,5.409614103,5.355883353,4.80822027,4.495656876,5.009523184,5.216896908,5.031345553,4.980683277,5.036736746,5.000800778,5.606042328,4.882318308,4.413422334,5.587317139
Cannabinol,6.355460095,5.99438169,5.706535603,4.780015539,5.090500028,5.616701912,5.683334808,5.424228973,5.216781165,4.755193637,5.636826832,6.273374982,5.493223678,4.677550007,4.18308893,5.305440397,6.280635654,5.321220267,4.7727331,4.859050992,5.106450242,5.62828315,5.566240278,4.775677091,5.8075046
Heliosupine,5.319222354,5.200717495,5.578443693,4.554805561,5.245802915,6.056858291,5.440952524,5.012908836,4.67529261,5.37975052,5.417740421,5.816351388,5.22022518,4.144736908,4.562507947,5.311212693,6.044530061,5.176881929,5.2366772,5.966836474,5.144403045,5.342124192,6.457628503,5.031978786,5.080998922
Stearic acid,5.132364207,4.702883583,5.381478541,5.659426154,4.487227764,6.278919777,4.981668452,4.696946708,3.746047927,4.151458226,5.439392772,5.075385214,5.201669775,4.685666568,4.432076821,5.454233912,5.12907595,4.757654539,4.354071542,3.933648238,5.462877517,5.09442608,4.458460697,4.499534929,4.663856506
Paradol,4.87773832,4.542086477,5.494683602,5.906645297,4.160627978,5.537911797,5.024100966,4.956547712,4.64708041,4.67629324,5.557989169,5.038449254,5.175016491,4.89929808,4.486656157,5.366105826,5.55934348,4.938928172,4.727573681,4.563680223,5.448718075,4.964410563,4.931361043,5.428676774,4.485651732
(+-)-Carnegine,4.833695374,4.889325948,5.525854798,4.779772744,4.014741775,4.966950822,5.099886012,5.031603349,5.467020204,5.533229403,5.812428758,4.999685797,4.809558026,4.491654138,4.789637463,5.1085094,5.111205744,4.902659278,5.305778879,4.431875273,5.504554415,5.451900311,5.558877485,4.45615704,4.59962247
Phorbol 12-myristate 13-acetate,4.83573954,5.757923843,5.277939276,6.003373515,4.947191637,5.763580312,6.268844404,6.048165837,6.699987544,5.0904028,5.144543775,5.464084003,5.145769135,5.938113376,5.911060534,5.662950881,6.618160516,6.513311878,5.226419356,5.48519578,5.963888979,5.453781989,5.720571546,5.159507302,4.607419075
Nigakilactone H,4.799971973,5.139069619,5.707184004,5.203847755,4.369521345,4.895476842,5.787893332,5.662785568,4.685675297,5.827156451,5.638619388,5.095490014,4.985538011,6.363971237,5.181988543,5.599109944,5.93637741,5.600328275,4.333364248,5.529616519,5.899183402,5.735464372,5.581412445,4.985033199,5.104541704
Arnicolide A,5.640450857,5.864069681,5.334966195,5.38422535,4.722238681,5.222045264,5.433599636,5.410339359,4.530758913,5.263641703,5.612403196,5.187116993,5.084537557,5.52370968,5.563048948,6.218754511,5.375580522,4.996492443,5.418737355,5.037842139,5.229669043,5.670844152,5.680739027,5.049794412,4.987043296
Fenchone,5.521176999,5.184282023,5.979912094,5.14039275,4.966790037,6.632972905,5.420840168,5.189448707,6.304827365,4.641142936,5.222773689,5.488163018,4.910984864,5.403357838,5.546854109,5.509354958,5.099115669,4.790657552,4.822515016,4.400733184,5.425944466,5.483997041,4.463602881,5.444296084,4.578174359
Hyenanchin,4.881726469,5.206762095,5.8903897,4.931245651,4.455407989,5.682239994,5.709014081,5.149195118,4.839082886,5.399807341,5.231251942,5.049543637,4.772189022,5.240395032,5.625559752,5.245371822,5.344121005,5.155548118,4.084297462,5.464481663,5.461929104,5.318859411,5.458451922,5.128079719,4.987636287
Fusicoccin H,5.510804321,5.375446762,5.294906786,5.299432787,6.804630344,5.611491472,6.050183066,6.197063514,5.192999222,5.13365945,5.441342879,5.593269957,5.373493432,5.443425351,5.447300626,5.46862499,6.318464772,5.367782563,4.90225361,4.475198036,5.385507918,6.472889099,5.432594903,5.033399265,5.736672817
Hymatoxin A,5.333397934,4.879780455,5.903957432,6.288323009,4.793810637,5.196362426,6.026098257,5.268319755,4.986720345,5.199719208,5.546287822,4.982605617,5.180167505,5.712702182,4.926157444,5.639588347,5.972764822,6.529989196,4.421435733,4.07227995,5.955512384,5.091722738,5.035189956,4.868258142,5.031298688
19-epi-Cathenamine,5.355870224,6.881904497,4.701730773,4.582442813,4.509698369,5.334636284,5.84206819,5.305215563,5.071361548,6.240220394,7.064790307,6.091475695,5.192510561,5.05752298,3.550261652,6.270475963,5.575965775,5.389826964,4.419118626,4.80922139,5.563111879,5.070963884,6.084713645,5.426823558,5.244464271
Neoschaftoside,6.113217651,5.029570332,5.396751945,5.991077543,3.623356356,5.915928231,6.363577446,6.600807533,6.037823315,5.030670602,5.759466547,4.727237084,5.660106192,6.237003015,5.0094405,5.74156159,5.632734898,5.10704795,5.944839778,4.52155939,5.794886912,6.757919939,6.542724182,5.638079505,5.618687107
Glutinosone,5.193980198,5.337875995,5.230417553,4.584593616,5.279583246,6.012455308,5.15991554,5.256306443,5.342682612,5.561945071,5.017546899,5.838802999,4.930381024,4.457334344,4.504016544,5.714290699,5.098402675,4.359280062,5.10173616,4.412195002,5.001079308,5.585130167,4.680308408,4.997366169,4.844316657
Apoatropine,5.85580355,5.284355753,4.969272746,4.725923148,4.854548368,6.966206261,4.95619377,5.017077945,4.970393549,5.646374154,6.332244141,5.318762199,5.083843528,4.582627949,5.384063124,5.740423287,5.106433298,4.80248367,5.466892811,5.391531709,5.996982406,5.355300914,5.543632538,4.641086644,4.629836268
Scandoside methyl ester,6.186860935,4.677513845,4.968752885,5.05958254,4.518794921,5.905967757,6.260419185,6.978364056,5.259516704,4.650393537,5.394387367,5.178189184,5.125947301,5.072056663,4.602361653,5.523610898,6.064158754,5.189006953,5.219461646,3.47115093,5.409019834,5.966282043,4.865728816,4.344723682,4.040755976
Crocetin gentiobiosylglucosyl ester,6.025952743,6.384537334,4.944545551,4.091860254,5.826726542,5.858757903,5.900911984,6.586032798,5.340030324,4.553503129,5.775317228,5.457406377,5.096122257,4.748181436,4.914466483,5.9277572,5.964181595,5.55035862,5.302783336,5.56823391,5.31065309,5.580719497,5.782401753,4.83925561,5.850372753
CID 443367,5.629319871,6.360657682,4.787247419,5.170550039,4.411328446,5.735892758,5.26392681,5.818592159,5.496994699,5.942750896,5.570743048,5.771874218,4.914557784,5.735782668,3.376564162,5.1815108,5.406538274,5.566569265,4.429742984,5.753189522,5.63738861,5.952116764,6.013625508,5.791690083,5.169522813
Tambulin,4.908993217,5.004349178,4.904660158,5.230731601,4.618225891,5.201233536,5.468510941,5.014607052,4.945518816,5.366470546,5.504019748,4.854914666,5.56458034,5.617944625,5.175796165,5.176510987,5.368946671,5.109210126,5.150150564,4.999799927,5.555600853,5.515878916,5.672471685,6.339898719,5.014960712
Robinetinidol-(4alpha->8)-catechin-(6->4alpha)-robinetinidol,6.381461593,4.919371548,5.401114555,4.558856992,4.121810955,6.013652085,5.421020518,6.413059255,6.325332774,5.828367892,5.617548765,4.754819109,6.0132563,4.471650574,5.090771733,5.487301867,5.980547434,5.566685575,5.633428918,3.996891738,5.621536145,6.188161057,6.558192578,4.093469649,4.934586003
Notoginsenoside R1,5.796284796,6.291880378,5.652315575,5.779533273,5.415467219,5.307917999,6.894826911,6.941810585,6.200221145,5.833227035,5.338743114,5.206576123,5.361689571,5.160931449,5.192917191,5.444952606,7.24681841,5.572590856,4.181063757,4.986515431,5.612225733,5.782558924,5.536269553,4.581945263,4.917584226
Simalikilactone D,5.238079409,5.540653942,5.188733298,5.266745349,4.800437092,5.142150313,6.011668693,5.582587999,4.751622153,5.581596402,5.59704913,5.106431095,4.85732973,6.334909923,5.311327424,5.66065964,6.048879102,5.931276965,4.849647085,5.409791235,5.661531212,5.472497297,5.432967348,4.731069464,5.005432623
(-)-Pinoresinol glucoside,6.885695985,4.591706405,5.417020942,5.506153582,4.340577016,5.574853689,6.623956976,6.869170515,5.676862537,5.010294837,5.199746367,4.960991486,5.624259883,5.730538632,4.458570454,5.380925694,5.477202643,4.894453843,4.909808584,4.559855248,5.348679844,5.352807137,5.551933426,5.409316671,5.127300515
Alstonine,4.912802221,4.607915462,5.360288632,4.314439486,5.715692434,5.167711667,5.620828884,5.40793041,5.358665428,5.814901889,6.943563575,5.851100881,5.707479122,5.250215035,3.863583961,5.357426593,5.180223118,4.987723784,5.580191763,4.840883669,6.563983696,6.646275656,5.730025822,5.071611922,6.017863842
Galanthaminone,5.762803142,5.357360365,5.615772699,6.090671097,4.775592313,6.528616163,5.493833768,5.481734201,4.949638635,4.80970528,5.812858157,5.580883314,5.103166026,5.518750229,5.35503028,5.317047929,5.997492168,4.955065349,5.112956733,4.940527225,6.200970851,5.338546584,5.684850361,6.063119812,6.496183524
(+)-Eudesmin,6.222764226,4.734411357,4.887686223,5.794200895,4.093834401,5.353041507,5.949911678,5.412504745,6.629324856,5.826754588,4.738223771,5.418972699,5.096164235,5.749641842,5.63269297,5.438355806,5.471476829,4.508229191,5.386796757,5.233081211,5.188362237,5.37695531,5.734416451,5.91597092,4.261547793
"4,21-Dehydrocorynantheine aldehyde",5.229374449,7.276203437,4.936244371,4.74520393,5.106065566,5.676329291,5.301063927,6.154851471,5.34430585,5.119808184,7.24392059,5.828363293,5.301020793,4.99274971,3.511156435,6.052319918,5.093159779,5.303999527,5.132677839,4.53339244,4.970504193,6.175058187,5.76693064,5.461594789,5.937372923
Mexicanin I,4.958201002,5.104735046,5.842811195,4.695505911,4.803105363,5.706926727,5.226538492,5.354019771,4.783198522,4.822681721,5.277837223,5.04626626,5.26951695,5.19450196,5.107342842,5.243956432,5.186299211,4.984008183,4.914424359,5.026523897,5.594655659,6.194003244,5.816187366,5.094421993,4.842161933
(-)-Glycinol,5.517321982,5.003317983,5.615267977,4.705859458,3.764105923,6.148643279,5.718768321,5.918201271,3.744556938,4.738501653,5.307188266,5.108365858,5.801286525,4.194716002,4.00031467,5.313616706,5.077639528,4.797692282,4.716458963,4.723161408,5.632745077,6.931994077,6.295149282,4.891027603,5.509137039
Carnosol,5.506604833,6.061677564,6.258370954,5.544341909,6.320462377,5.277391798,6.421694364,5.630205921,4.904028648,5.265497049,5.567617823,5.443756847,5.370188916,4.925604116,5.233672404,5.571222474,6.010426632,5.82757877,4.462094822,5.343517456,5.852587578,6.183964464,6.446525847,4.903554258,5.617934676
Korupensamine A,5.188263063,5.062075341,5.636040955,4.847693949,4.483640345,4.822232282,5.410346857,5.666006565,5.047931164,4.618797155,6.579711251,6.108005633,5.745184151,5.011536035,3.149088354,5.159480979,6.04148426,5.474895876,4.709568328,5.019528093,5.361115626,5.880721664,5.80047778,5.889270313,6.557269592
Glycosminine,5.123789643,5.845043113,5.315188776,5.504615995,5.120760877,5.636837747,4.874274696,4.743629483,4.628557043,4.446015849,5.159372823,5.564394313,4.788985259,5.979698303,5.542599856,5.575564773,5.047783737,5.428721802,5.334943285,5.669987496,5.400898997,5.475434413,4.962127538,4.813350914,5.674111387
Cajanin,5.752194401,5.241654566,5.883234697,4.412746255,5.075355454,5.483659124,5.187989421,5.467651979,4.314729714,4.937874948,5.209767573,5.251361363,5.56410722,5.394689643,4.852530303,5.278218441,5.115268369,5.32472177,5.138577406,4.965082901,4.706230336,5.471379563,5.283543045,5.175159494,5.852705568
Rhodojaponin IV,5.636934435,5.084205231,5.29367078,4.586960545,4.819169755,5.390268268,5.80228572,5.427770899,4.468989072,5.495396552,5.202118017,5.436466654,4.982152741,5.639962201,5.369352053,5.286867931,6.809117931,5.628602716,4.388681841,4.576928009,5.368800642,5.201962401,5.210652566,4.672018748,5.123536024
Daphnetin,5.246798138,5.224937569,5.524975067,4.949407238,4.785883705,6.070806251,4.914981215,4.702548703,4.217486558,5.091415241,5.806967564,4.884636008,5.211017903,4.393131821,4.83980782,5.090936718,4.891439451,4.246248774,4.328745016,4.733987033,5.67038142,4.876696541,4.99395053,4.266512909,5.383655532
Caffeine,5.044428551,4.464997165,4.793246427,5.55164551,5.403625065,5.630185066,4.976505633,4.676383871,5.454425603,5.978172233,5.443064059,5.142076235,5.430717693,5.178208221,6.680104681,5.743847071,5.016145206,4.821523694,5.02190669,3.861906207,5.56590512,4.792578026,5.512941321,4.994199544,5.026590305
Alantolactone,6.62083498,5.720458428,5.683990472,5.296333499,4.370658528,6.261473216,5.596130848,5.074444721,5.401454182,5.364193513,5.586533827,5.171092629,4.853561158,5.184290383,5.365393828,5.79497953,5.001772381,4.926800519,4.829231561,4.605758368,5.242596024,5.61833295,5.390851366,5.327498517,5.184738492
Cyanidin 3-O-(6-O-malonyl-beta-D-glucoside),4.717083142,5.325379678,5.388002242,6.340277202,5.612612301,5.338488801,5.842176664,6.523081513,5.38221257,4.579365972,5.645759224,4.422626227,5.825947103,6.654269511,5.638368249,5.706610787,5.213493625,5.794513388,5.84942959,4.780297042,5.161685907,6.06493879,6.249360338,6.099647669,5.878300377
Ventinone A,5.311798942,4.505948276,5.864653359,5.111443934,4.869454369,4.977991394,5.255387737,5.874886261,4.709616119,5.147322414,5.267392503,5.22208147,5.282023511,5.530090611,5.05859866,5.312511459,5.195935952,5.282696813,4.831835598,4.950952251,5.329235808,5.735895965,5.639628935,5.636409987,4.982376143
(-)-Variabilin,5.176161051,5.199271174,5.430772748,4.698670409,4.45260604,5.257320644,5.559165308,5.148470946,4.382125116,4.920843758,5.236764688,5.04885927,5.79943522,4.347175816,4.079951299,4.84342197,5.298339277,4.868639986,4.941865039,4.869230836,5.636649652,6.931994077,6.285059794,4.885986018,5.536536788
Emetine,4.978924339,5.026229809,5.358329944,4.605090228,5.414126641,5.643992622,5.672686449,6.458151442,6.101790946,6.047793875,5.607679463,5.69108229,5.103276432,5.616468931,3.598594334,6.727036841,5.816305311,5.03964576,5.967068998,5.259475008,5.550760434,5.850170697,5.579051857,6.129086766,5.159783864
1-Peroxyferolide,5.185142089,4.904077184,5.402033962,5.475311316,5.010868793,4.655737189,5.267712485,5.145150829,5.011904797,4.902757706,4.853567731,5.657722181,5.385456527,5.309721259,5.604681416,5.349990376,5.458958808,5.427167166,4.790929769,5.223792393,5.56432692,5.144261069,5.507591621,4.679494414,4.736646626
Cirsilineol,5.828156094,5.382735195,5.180549241,5.602274546,4.971770143,4.947750314,5.443170353,5.191448049,4.703702653,5.40088302,5.504019748,4.880358402,5.56458034,5.505193259,5.04250231,5.494295413,5.277540737,4.747633413,4.922589274,4.951070821,5.141677293,5.213923494,5.398135712,5.481109924,4.731709916
Monardaein,5.067880207,5.02148108,6.106477463,5.756087401,5.582830606,5.476260989,6.72130824,6.708971051,6.036277053,5.229936074,5.812852029,4.592504307,5.933035753,6.501738203,5.976580794,6.564923201,6.06100445,5.76161627,4.933217206,4.372688554,5.178218762,5.631741419,6.318671406,6.478267078,6.343916937
Psychotridine,6.751744773,4.997551855,5.425682702,4.789269685,4.527827127,6.283367361,6.221342406,6.738440583,5.950584527,6.220446269,6.379151151,5.963135305,6.183840292,4.886814166,5.007297499,5.467327319,7.291967527,5.868480578,5.674925576,6.313479964,6.162796006,6.894663756,6.708256124,5.044906165,6.319794708
Eremophilenolide,5.824632325,5.489183997,5.181980543,4.584739864,4.383786374,6.513601238,5.291178869,5.233889476,5.545199327,5.05341808,5.338458003,5.641631396,5.174238654,5.446728476,5.130572791,5.813493432,5.711467351,4.830835083,4.993612948,4.689410692,5.631644259,5.201796017,5.040591654,5.463942456,5.718727158
6-Hydroxynicotinic acid,5.138929771,4.27753201,4.931652839,4.872964851,4.89526283,5.384701123,4.942423182,4.805273881,4.488813291,4.829123065,4.568050928,4.72182866,5.362180325,3.610725998,3.838150306,5.520082719,4.746299701,4.637160224,4.326183143,4.666419932,5.178262798,4.702408551,4.931163688,3.967902581,4.49566846
Ginsenoside RG1,5.461426857,6.08664413,5.687520038,5.870909616,5.772317331,5.340622039,6.799463893,7.324042569,5.937699717,5.736845238,5.338743114,5.206576123,5.361689571,5.003777497,5.104313855,5.403882093,6.959725935,6.074970253,4.421298332,4.998194083,5.585723936,5.737763011,5.550066074,4.695732124,4.8354214
Bucharaine,5.720867673,5.67897473,5.825193388,5.590213326,5.009837947,5.245546417,5.229170795,5.537318085,5.097253586,4.119429416,6.174457751,5.455154914,5.043509354,4.618884365,3.895688645,5.925900196,5.936257696,5.512905995,4.720454874,5.065224878,5.494753748,6.230664121,5.142984979,5.085760047,4.737510618
(+)-5-Epi-aristolochene,5.905631643,5.087469478,5.429005389,5.071815564,4.949104806,5.527553745,5.418454899,4.759766118,5.144012229,5.36217834,5.136345646,5.359071945,4.851293478,5.136630779,5.537049434,5.638302925,5.083029875,4.682646477,4.648888724,4.166053067,5.650866713,5.527468453,4.693334275,5.117859087,4.556458792
Palmatine,4.698222527,5.13267485,6.479254706,5.722627167,5.807572506,5.920605642,5.401845778,5.626829428,5.658443543,5.487463125,6.402169357,5.440020016,4.782968873,5.821544823,3.350676118,5.141233308,5.575163936,4.812680613,5.567105799,4.396832175,5.030450414,5.488141191,5.595751839,5.760777903,6.533705088
Chrysoeriol,6.040610316,4.85138612,5.23476216,5.992784686,4.995358911,5.338751544,5.068350176,5.643147695,4.75448793,4.911098827,5.504019748,4.880358402,5.56458034,5.62401726,5.04250231,5.522655728,4.881249188,5.59526204,5.120892596,4.713277071,4.943763404,5.60543746,5.143260741,5.676868136,4.898796669
Reserpine,4.995107106,5.589631605,5.708155653,4.804066998,4.439537331,5.666348645,5.882459475,5.9009507,5.506813847,6.436672978,6.637267306,5.565451922,5.291945483,5.587279361,3.661439016,5.884026901,5.712868474,5.64761579,5.703477425,5.426592617,6.362252142,5.434996826,6.018634065,5.743263963,4.124564909
Pulegone,5.408372617,4.78401313,5.276131242,4.739978066,4.518005798,5.785885819,5.121724461,4.845941722,6.252142063,4.227325612,5.316569403,5.66882307,4.491756283,5.494239393,4.967679945,5.419092858,5.096901979,4.295933217,5.411544985,4.280633057,6.040647699,5.330971875,4.428919121,5.567108547,5.245507003
Protopine,6.4345503,5.273875852,5.020553977,4.640241827,5.084435664,5.865137954,5.457526871,5.251897882,4.207212385,6.758443369,5.808155574,5.109025201,5.182019656,4.716166562,5.386994626,5.454699137,5.798454393,4.996706268,4.834708122,5.08740428,5.647651019,6.254823384,6.333121955,4.653287957,4.697495673
Lokundjoside,5.390108492,5.472270455,5.15306269,5.212350597,5.451615603,5.76267716,6.39167364,5.272907363,5.680599692,4.895621681,5.543155333,5.435999655,5.380154055,5.093013601,4.497140874,5.649329635,6.152364078,6.163569314,4.478862127,3.271047969,5.913123622,5.478578873,5.617205864,4.955024762,4.808485234
Azaleatin,5.431567361,5.033500076,5.23742124,5.323986402,4.305914845,5.456396048,5.121580051,5.429704379,5.152372292,4.863212042,5.504019748,4.880358402,5.56458034,5.802970908,5.04250231,5.346616193,5.129372027,5.384407152,5.551595328,4.922625717,4.961323941,5.518286829,5.919941349,5.986415846,5.00887549
Harmaline,5.121318895,6.658041258,5.362794335,4.952991986,4.24595109,6.043432491,5.14636287,5.085431393,4.710501709,4.324196198,6.358980233,5.735991223,4.913146252,5.054896003,3.683051531,5.059814046,5.330522371,4.855474871,5.139198295,4.581232224,5.695416732,6.04007382,5.736800009,5.074676544,5.131157778
Bixin,5.434957718,4.646986196,5.136163308,4.300031846,5.167184393,5.359113891,5.857463111,5.543629602,6.031197027,4.516786755,5.372886089,5.423579512,4.789168521,4.196040874,5.128906779,6.035009553,4.567302807,4.654954493,6.009970914,5.292403046,5.421370693,5.621572131,4.542388737,4.678687808,4.607802233
"9-((2R,3R,4S,5R)-3,4-Dihydroxy-5-(hydroxymethyl)tetrahydrofuran-2-yl)-7-methyl-2,6-dioxo-2,3,6,9-tetrahydro-1H-purin-7-ium",4.863465087,5.664245969,5.320840571,5.887956754,4.480055519,5.091659979,5.847469661,6.184550503,4.325993711,5.115700591,5.569384682,5.323697459,5.958154577,4.325071872,4.906346643,6.016543406,5.431012571,5.444626905,4.908445737,5.122739056,6.148451704,6.369845804,5.274582467,4.658511326,6.168969917
Deguelin,4.876334991,5.049451078,4.892764412,4.555986824,6.685658073,5.027362433,6.163779822,5.824530648,3.866743152,4.772024983,4.673321901,5.180935559,4.918319761,4.214119044,5.036959903,5.261265268,6.118323982,4.468361491,4.303649198,5.543026711,5.516141493,6.361920348,6.361575033,4.165324249,6.264853916
CID 44891335,6.337370747,5.040853664,5.135451006,5.041559256,5.008313065,6.82857493,5.564288627,5.198529897,4.701111115,6.296018594,5.658845258,5.4906038,5.392845241,4.750086738,4.528029974,5.688882341,5.446461422,5.46844429,4.057878243,5.056179761,5.822399298,5.268538143,6.436799812,5.371383939,6.39935109
Tubocurarine chloride,6.527955623,6.35966828,5.629297855,4.703572462,4.436628648,6.057508405,5.869654917,6.17435423,5.388478846,5.834066256,6.891387929,5.106104234,5.675519141,4.11050578,3.196054311,5.854795146,6.449005151,4.909102045,4.402714206,4.69225203,4.748950822,5.764613561,6.173176048,3.971477027,4.748722361
"[(2S,3R,4S,5S,6R)-3,4,5-trihydroxy-6-(hydroxymethyl)oxan-2-yl] 2-phenyl-N-sulfooxyethanimidothioate",5.648972352,4.974711527,5.359747323,5.167411485,5.049270162,5.723828313,6.430248054,5.64645723,4.764392403,3.847757063,6.038783409,4.909042201,5.732535756,3.714250787,4.503319375,5.251276463,4.904800655,5.362595062,4.73014356,4.716437967,5.104197341,5.815427907,6.004260705,4.780342708,4.285789999
"Di-trans,poly-cis-undecaprenyl diphosphate",5.716742704,5.246926932,5.352132242,4.51647517,5.238481951,5.786613014,6.503940054,6.692316332,4.956754586,4.108515222,5.136019717,5.262845387,4.966045177,4.343919239,4.928144045,5.788662015,5.190166841,6.220970869,6.215788054,5.669347288,5.307865681,5.352490731,4.682089928,4.243045352,4.107315929
Dehydromyodesmone,5.697050915,4.828822377,4.844981431,4.621346502,4.087936835,5.4073835,5.122498761,5.148435859,4.818236237,4.904242613,5.518764534,5.366523691,5.218600669,5.600639398,5.303399861,5.590024861,5.184809377,4.714305539,4.97413563,4.185631426,5.573025104,5.218009504,5.464288915,5.610339928,4.352124875
Deltaline,4.889599113,5.156172457,6.17068557,4.187807826,4.388843323,5.616931817,5.805160654,5.661921779,4.311300593,5.720917982,5.744263191,5.511923149,4.916016825,4.682900776,5.056560187,5.862212861,6.131352303,5.249486716,4.06182242,4.890161487,5.755549637,5.631476347,5.600986617,4.842433575,5.373007124
Malonylgenistin,5.33906773,5.396610745,5.498366335,6.24341519,6.072618311,5.485191654,5.925530569,6.925359617,5.961522027,5.120975321,5.742272299,4.646667289,5.679137441,5.70337349,5.063293174,5.509049683,5.288579054,5.554792463,5.541673723,4.887317686,5.234866011,6.156526003,6.836060811,5.997178727,5.471057428
"[(1S,12S,14R,15E)-15-ethylidene-3,17-diazapentacyclo[12.3.1.02,10.04,9.012,17]octadeca-2(10),4,6,8-tetraen-13-yl]methanol",5.434206861,6.187262266,5.150947086,4.489070289,4.862275557,6.117232897,5.310733076,5.228899695,4.786778729,6.002618869,6.097226605,6.142614212,5.434686525,5.168428963,3.551494873,6.462545393,5.121742131,4.744109656,5.32316053,4.952447727,5.374783921,5.948527544,6.800273832,5.140182491,5.161539054
alpha-Peltatin,5.069019903,5.816853996,6.195789151,4.700624429,4.155362582,5.134463277,5.094135586,5.59451256,4.869182097,5.314902848,5.835608824,4.71429614,5.40108837,6.466635698,5.082733802,5.635015706,5.914878449,4.550783922,4.844700863,4.68722115,6.127322063,4.864123574,5.285540932,4.7478025,5.959679056
Demethylisoalangiside,5.596781776,5.180958533,5.251379854,5.068186223,4.228399539,5.787514393,6.060675276,6.817757985,5.942636749,5.520890166,6.916790247,4.575054904,6.183156951,5.312312184,3.845624439,5.995230993,5.324046883,5.229055056,4.598122974,5.369150235,5.11274944,5.987002455,6.072300213,5.189328297,5.046554263
Friedelin,5.459309332,6.718112066,5.444574306,5.894964124,5.164436593,5.702296356,5.978675519,5.229643329,4.894716273,5.698727238,5.764881162,5.939327881,4.623001907,4.647359014,4.975562947,5.52839264,5.614956649,4.911196156,4.882569449,4.50135259,5.578622489,5.464912183,4.559375377,5.287542816,4.6073462
"(1S,2R,3S,5R,6R,7R,9S,12R)-2-hydroxy-7-methyl-12-prop-1-en-2-ylspiro[4,10-dioxatetracyclo[7.2.1.02,7.03,5]dodecane-6,2'-oxirane]-11-one",4.986448406,5.717740212,5.615162773,4.342256665,4.66108529,5.944033883,5.485411379,5.219784135,4.541830121,5.106167397,5.21643503,5.248633064,4.755252808,5.06245948,5.650531397,5.650187564,5.541918935,5.254999731,4.115752718,5.492805251,5.414582133,5.359985413,5.772479124,5.237441366,5.089938499
Gibberellin A34-catabolite,5.474256879,6.024031378,5.287194646,4.765913785,4.554076215,5.243392838,5.675886741,6.153950386,5.144069379,5.775560503,4.927304477,5.295045602,5.062060516,4.950977125,5.341906592,5.667867593,5.480031864,5.191538428,5.0385946,5.333642864,5.424464373,5.879130296,5.252130494,4.706685443,4.647935406
Isoscoparin,6.037100235,4.632260771,5.1393172,5.608860789,4.499869193,5.414033513,6.267558576,6.617371308,5.699008813,4.674163336,5.516341941,4.748763587,5.496257735,5.991120065,5.243530162,6.004822027,5.497444149,5.481279058,5.406633696,5.461483156,5.325090266,6.454669696,6.749217158,4.767629679,5.684996819
Yamogenin 3-O-neohesperidoside,5.712448836,5.84222854,5.854210992,5.173836526,3.919417726,5.846412739,6.674386195,6.008900113,5.511051066,5.595233259,5.315833021,4.855333709,5.181111873,5.660701938,5.272099846,5.138519077,6.747237268,5.789870352,4.600379204,3.679267787,5.977956522,5.92514813,5.021824905,4.519567873,4.925656766
Evoxanthidine,4.93918642,6.647494109,5.922093221,4.726562497,4.752245123,5.748036343,5.227646893,4.870655189,4.580446671,4.578274649,5.854329545,5.456394793,5.3920222,5.631477216,4.102944014,5.317151554,5.215023939,5.503904939,4.494988282,5.662211796,5.435019689,6.365697932,5.020237696,5.152107786,5.213181822
"(1S,7R,7aS)-1-[(2R)-1-carboxypropan-2-yl]-5-[[(1S,4S)-3,3-dimethyl-2-oxo-7-oxabicyclo[2.2.1]heptan-1-yl]methyl]-7-hydroxy-1,7a-dimethyl-6,7-dihydro-2H-indene-4-carboxylic acid",4.806574567,6.163609363,5.654722893,4.5698347,4.462051508,5.183359683,6.122562099,5.824844614,5.052535409,4.868362604,4.831117445,5.533642252,4.935520993,5.087370199,5.389623343,4.63224033,6.244897275,6.465660069,4.993031881,5.210342431,6.305098862,5.684737224,5.84389646,5.623844904,6.672437863
"Germacra-1(10),4,11(13)-trien-12-oic acid",5.465635015,4.921444625,5.360965216,4.963140203,5.581450848,5.821514943,4.916255148,5.189146615,5.388443484,5.603976975,5.722634548,5.244769688,4.742688649,4.507735552,4.274648503,5.406064238,5.192200635,4.748296535,5.520994389,4.352155974,5.602263604,6.090574081,4.583377375,4.999310674,4.677275058
Horhammericine,6.574395133,5.430130704,5.54343877,5.286920231,3.99315912,5.956887228,5.668996646,5.485586384,5.092183636,6.105434932,6.204038519,5.319575931,6.059301981,4.363262431,5.29124294,5.552606193,5.336124506,5.209517338,4.712622255,5.22747985,6.344627329,6.141362605,6.324278694,4.71205617,6.954855328
Cassaidine,5.71723898,5.895921916,5.025597234,4.908306803,5.550363758,5.529972978,5.912342272,5.348042503,4.556365763,6.003341501,5.773152802,5.629069307,5.248029704,4.386142705,4.411628488,5.619177645,6.167517574,5.583699664,4.709143811,5.631733276,5.323877844,5.317613591,4.842038157,4.632308079,4.580015331
delphinidin 3-O-(6''-O-malonyl)-beta-D-glucoside,4.500824764,5.479979299,5.901180768,6.311274808,5.68544514,5.281511287,5.859762016,6.388119007,5.686195744,4.410896726,5.48647912,4.48546795,5.825947103,6.654269511,5.638368249,5.709956538,5.369465747,5.673079468,5.927127613,4.893268716,5.161685907,6.073716934,6.253728539,6.121089359,5.898408207
Methylprotodioscin,6.22800072,6.269938344,5.993210072,4.747282823,3.758012884,5.791575295,6.619754748,6.830669839,6.220541119,6.05853625,5.315833021,4.855333709,5.181111873,5.660701938,5.352161609,5.459397165,6.921531885,5.901044863,4.448167106,4.658156306,5.977956522,6.029881574,5.021824905,4.519567873,4.925656766
"7,3'-Dihydroxy-4'-methoxy-8-methylflavan",6.477753892,5.624869678,4.968181675,4.315553336,4.566507829,6.062794652,5.822996157,5.314117452,4.283825261,4.806080317,5.146159211,5.007573659,5.575396362,4.26633127,4.421225811,5.379900545,5.132032281,4.611317055,4.647012743,4.397521261,5.15931814,5.336152015,6.323345295,4.037335741,4.623427419
Pipecolic acid betaine,5.364246409,5.785029799,5.71788418,4.707081916,5.056457732,6.600563639,4.973291471,5.218521942,4.028180489,5.721848544,6.143609832,5.397926934,4.729171616,4.050750957,4.888332642,5.326890757,4.812188172,4.717162537,3.529077064,4.205490874,5.888588688,5.501242058,5.055232019,4.224831204,4.677144974
Cirsiliol,5.840941214,5.375313849,5.304230914,5.676795147,4.862638989,5.037396238,5.153901315,5.298437608,5.36060849,5.061153034,5.504019748,4.880358402,5.56458034,5.505193259,5.04250231,5.133148678,4.90885301,5.287790921,5.135027591,5.240353821,5.152601548,5.181202677,5.398135712,5.650326915,4.645776692
Guvacine,4.98765382,4.699609475,5.243948124,4.576706515,4.338438814,6.140436141,5.024815623,5.147487342,4.563589199,5.356922348,5.33933102,5.933962224,4.99681173,3.68659548,4.026865936,5.609361233,5.496020232,4.346127779,3.771146616,4.058146369,5.599395053,5.366112578,4.874916652,4.262738546,4.286501776
Lutein,6.181330744,5.116875532,4.902993785,4.326064107,6.247791564,5.518637431,5.712599333,6.615267415,5.364615152,5.363162833,5.221314152,5.71406955,5.217876548,4.589014101,5.241649968,5.470417934,5.646996847,6.629834186,5.318091035,4.771773051,5.366927025,5.401644024,4.953887054,4.783537162,5.905477784
Athamantin,5.609108082,6.606861238,6.156540321,4.07804541,5.285107822,5.504276829,6.488107047,4.709240535,4.807840133,5.626049173,5.821510691,5.245240592,5.145739577,4.55634611,5.411196951,5.806478268,5.773620965,5.130736178,4.882736191,5.072899194,5.767855515,6.06165995,6.615170062,4.59654507,5.746705452
Dioscorine,5.452389503,5.273505373,5.083510977,5.074302742,4.720236413,6.175557236,5.257552551,5.009506896,6.238404677,5.364808852,5.807045019,5.801382067,4.899757142,4.491213199,4.840178349,6.031074137,5.046588664,4.56784515,4.933855881,4.840574565,5.596952643,5.444666573,5.666132116,4.887562986,4.979162256
Tectoridin,5.270993578,5.075743327,5.9380722,5.601161935,4.510927361,5.431437608,6.450362005,6.489258841,6.298058578,5.012384602,5.512207048,4.823803769,5.672929494,6.297415687,5.348456175,5.728846756,5.909814734,5.50178071,5.177783286,5.408808198,5.32843429,6.206664278,5.747763444,5.992035378,5.528998242
Obacunone,5.723391129,5.562892459,6.016784758,5.156024934,5.246934441,5.43684104,6.047776736,5.996665564,5.442055463,5.998524537,6.390020326,5.339064149,4.644244242,5.087790728,5.008909592,6.006490141,5.340796412,5.294428314,4.491337573,4.230723168,5.821107357,5.435460732,6.220807212,5.486625171,5.666427014
"[(1S,4R,7E,10R,11R)-4,8-dimethyl-12-methylidene-13-oxo-3,14-dioxatricyclo[9.3.0.02,4]tetradec-7-en-10-yl] acetate",5.659719107,5.018090309,5.818988457,5.702357431,5.598304196,5.004148374,5.373627939,5.205194627,4.61176581,5.173745047,4.944664318,5.657722181,5.29508496,5.223892619,5.604681416,5.217677691,5.181193163,5.151182755,4.728733064,5.006450036,4.933714606,5.244423058,5.54873047,5.046779606,4.699356662
Convolvine,4.85569719,5.060391812,5.682295533,5.120161726,4.524535289,6.171977895,5.235006099,4.698295994,5.500254936,5.702711286,5.701164032,5.290599689,5.019139155,6.074755681,5.567520389,5.638975066,5.5192699,4.756137476,4.709875582,4.865186683,5.818865209,5.351780201,5.338884323,4.963446998,4.192330587
Hesperetin,6.812758609,4.972214427,6.005830391,3.67307956,4.017371681,5.418811427,5.644102676,5.427779333,3.179691618,5.001075876,5.306743551,5.112694767,5.585384679,4.212075186,4.782737111,5.421103849,4.760563722,4.669492568,4.219640011,4.734697101,5.667656817,5.371077712,5.970188506,3.574261781,4.61495784
Phrymarolin I,4.943300869,5.818819725,5.472230227,4.565771061,5.110581207,5.609465907,5.796517559,5.608289152,5.002347259,5.036856515,4.60471233,5.38352771,5.13253927,5.364134875,5.706766124,5.359574595,5.994600724,5.459550498,5.162271928,4.76406293,5.417835261,6.236311566,6.043985897,5.2715086,5.421383926
(+)-Iridodial,5.314625911,5.546836831,5.178423533,4.482060833,6.365299683,5.976985131,5.024419042,4.717522277,5.535011874,5.884215575,5.082991179,5.738053721,5.21560157,4.900092365,5.070390025,6.36271205,5.060427862,4.315574725,5.557729467,4.951732925,5.251099175,5.371209601,4.373713301,5.163470065,4.512916591
Camphene,5.140290461,5.496209566,5.163127242,4.991133114,4.883731269,6.503212113,5.207518231,4.850173704,5.0413277,4.823264642,4.977082752,5.586162561,5.022235355,5.635052224,5.868922148,5.456517204,5.201951942,4.439665662,4.695784466,4.36493256,5.234439244,5.394439863,4.675411827,5.30858022,4.708049435
Thiarubrine B,5.940322211,6.127606813,4.846463146,4.876135608,4.779021621,6.073468245,5.464679181,5.152228095,5.073213663,5.865020556,5.600004934,5.277308069,4.971634324,4.43470692,5.056645823,5.361029539,5.037869796,4.641532223,4.377044114,5.611318293,5.501755385,5.385048891,5.37011274,5.309524156,4.528641258
Bulbocapnine,6.485967311,5.020695018,5.790758925,4.511851641,4.137974635,5.701446611,5.876626392,5.070621676,4.728309638,5.801341277,6.885258792,4.222622738,5.60295026,3.791076079,3.596890372,5.224500101,5.649897865,4.826106042,3.937677979,5.07753432,5.841381349,6.158016837,6.378226092,4.593324172,4.769132703
(S)-cis-N-methylstylopine,6.040055404,6.21791829,5.053879866,4.601651296,4.202396412,5.766496195,5.708486417,5.475151675,4.468852318,5.302051375,6.176580231,4.85338544,5.157194026,4.506521707,3.412515628,5.03593539,5.505328179,4.899576657,4.791496766,5.062600403,5.393161974,6.315264583,6.028408318,4.249808169,4.980429818
Tellimagrandin I,5.437121022,5.485991499,6.156830651,5.04962578,4.921686202,5.654904147,6.087621316,6.222130093,6.702016168,5.892261258,5.287070013,4.052542324,6.058521227,5.99283346,6.374801169,5.651015172,4.881279547,5.694839579,5.296405992,5.105232561,5.587379915,5.821752157,6.036603095,5.289195617,5.97496392
Podecdysone B,5.171261201,5.79989376,4.948039349,5.499990923,4.872210593,5.534942566,5.984209128,5.484215117,5.120883975,4.929740429,5.256324171,5.279444829,5.051657561,5.22881735,5.260122596,5.347893843,6.90365129,5.720198325,5.016416414,4.872874008,5.371260483,5.505859796,4.845010075,5.093864948,5.515657368
CID 443481,5.875938631,5.647099438,4.811926431,5.162605706,4.584702176,6.3765462,5.689801949,5.511820244,5.007553425,5.414453057,5.763351666,5.824697142,4.733266871,5.292529735,4.836112872,6.314963707,5.636800493,5.541043888,4.264717567,3.855791487,5.530268419,5.282175109,4.663006043,5.348318175,4.640059312
Gibberellin A14 aldehyde,5.139222444,6.212310341,5.414202637,5.407342672,6.154565681,5.602557987,5.625878418,5.881798653,4.828726355,5.601846459,5.07032244,5.433299509,5.16509328,4.764317438,5.440501053,5.186278429,5.439518822,5.260931314,5.0854685,5.350318049,5.371700839,6.175452959,4.499635237,4.802288837,4.632645742
11-(2-Cyclopenten-1-yl)undecanoic acid,5.079180923,5.042546501,5.817723455,5.431121626,4.30298954,5.991111954,5.085902679,4.968591004,3.616373294,4.168569841,5.747209705,5.447267117,5.223102852,5.100319968,4.494325578,5.454970512,5.517311417,4.573182036,4.984400622,3.650889442,5.625450644,5.310059943,4.483476455,4.637846194,4.60500418
Muscapurpurin,4.932370043,5.142959457,6.424595378,5.911226171,4.472866085,5.436666626,5.202640941,7.18978319,4.637494248,4.768623184,5.928058646,5.147128552,6.151735721,6.176346668,5.226485263,6.027906695,5.021347123,5.760128339,5.351572545,5.289216185,5.66637599,6.483819793,6.37432074,5.583868316,6.917034273
"(1R,2R,5R,8R,9S,10S)-11-methyl-6-methylidene-12-oxo-13-oxapentacyclo[9.3.3.15,8.01,10.02,8]octadecane-9-carboxylic acid",5.567549773,6.174682228,5.489558657,5.035349055,5.047892761,6.073785715,5.642405663,5.994424604,5.084657201,5.046637722,5.115404741,5.378506143,5.1540168,4.990038506,5.366027603,6.189327422,5.106510132,5.341039958,4.833105788,4.811051636,5.784010033,5.735063337,5.075329821,4.862938539,5.166557506
