,ECFP6_2048,pairfps,pIC50
2268,7.66266154173964,6.658232340035352,7.468521082957745
3529,7.966496245533828,6.913024250000797,7.697885623043799
3916,5.176611285225107,4.890849833057036,4.454321850207974
4371,5.969445920435068,5.409837668813335,5.701146923590294
544,5.494640482015085,5.746242762054955,4.2699999970646445
2225,6.696994984148613,6.879650847358819,6.6777807052660805
3739,5.101554082578837,4.573040367616311,3.3010299956639813
2887,5.5130112119698,5.619382577802561,4.801342913045577
228,6.079339964191779,5.827971096609141,5.886056647693163
393,7.222017516329933,7.103596411030346,7.929962133392243
4917,6.345943312754779,6.028603607947688,6.941573975542995
1964,9.325231731323683,11.340052428385661,9.30102999566398
2650,5.053287592230153,4.851212023217473,4.697452627512514
3017,5.373625839952582,5.168364111839795,5.251811972993799
401,7.208935877737296,7.310080445429309,7.730020323354676
4974,5.885283458633035,5.993001073241813,6.080921907623926
2173,4.545142642096227,4.928659430966359,4.832682665251824
3939,6.002156434490015,5.844622456682274,5.174573882232177
3181,6.731139782954153,6.146785809222847,6.370590400897281
346,6.73773020909055,7.280635873474302,7.010016541698601
1550,6.042921516092117,5.77802249142921,6.716698771296451
5714,5.248544101787068,5.327634311753204,4.943095148663527
705,6.7444088528092365,7.083116463363421,8.657577319177793
3951,5.052264699622257,4.949462087301222,5.1938200260161125
4645,3.8314475799192445,4.3961602314878165,3.882397308309916
2358,5.104819876619214,4.2095472921509,4.911509529817604
4338,7.01112924665926,7.007446566736369,7.366531544420414
4440,5.467292375073502,5.815935292311134,5.236572006437063
2521,5.475543925214226,5.683644696097166,5.106238237942057
4059,3.8286326226940233,3.616035635169063,3.0
2986,2.55572957123485,3.2852355015873584,2.9706162223147903
410,8.162725165847919,7.496981148369012,7.886056647693163
5620,5.785384285052126,5.331109896919792,5.0
3080,7.212234677242853,6.478255211787228,6.632644078973981
3375,8.070828868269999,10.178969744922512,10.571055709964426
3767,5.401066183320231,5.452942880858576,5.2225731776106885
5910,4.174772809943856,4.956859566136482,2.710634048479968
755,7.417564737618974,7.355318559115406,7.920818753952375
1496,6.235355140076879,5.989590271738271,5.552841968657781
4631,7.139423979378609,6.664030966367572,6.958607314841775
5377,5.254660441689911,5.875697184009898,4.75559916619863
6045,6.962803707818484,5.905850983786927,6.638272163982407
1086,5.063189898594605,5.594142720314291,5.522878745280337
3148,4.634953254719926,5.03107406979504,4.533132379645891
4081,4.019965704210169,4.014603052915736,3.6989700043360174
2399,4.929536831795365,4.084412891669717,3.6989700043360174
3688,5.513054276026364,5.065770925909283,4.915245036820646
808,5.6810693564134,6.151838571168896,6.292429823902063
1514,5.879541095647661,6.266272733348607,5.101823516502323
3684,6.420058783838627,6.4096578682718945,7.366531544420414
1780,8.23358745092823,8.76667520445575,9.318758762624412
1611,4.072748179018084,3.71809731515053,3.2967086218813386
1650,5.349856956669125,5.563851826888089,6.154901959985743
730,7.0079446935621315,6.984557559711973,7.769551078621726
5137,5.354355665812045,4.7807657314417416,5.578396073130169
4108,2.9299432161931436,3.299025615694714,3.047788941891331
4765,8.49776299907808,7.263306071667774,8.787812395596042
2181,4.554632551424559,4.82784794443708,4.809668301829708
4727,3.858978263496014,3.685115181974075,3.686976889676762
5136,6.4148205557495555,5.5215971154081025,5.437707135543525
1144,7.825125407328879,7.306384813103737,8.247951552180561
1302,3.9850513674622885,4.712119346122685,4.301029995663981
167,6.063897390042838,5.708896954709012,6.79317412396815
4837,4.291044967190268,4.930498361284062,4.543633966870957
233,4.835825602841533,5.027356932782777,5.0
5569,4.22763810310912,4.628789511947425,4.301029995663981
3827,5.976767896225143,5.31861264379195,5.798602875679548
2418,8.75503423208034,9.300062959023153,8.860120913598763
960,6.6546583931462076,6.933245348579728,7.552841968657781
4909,6.1911066843772105,5.960108493264835,6.991399828238082
3691,5.269766159573281,5.580499298137644,4.513286224017515
3555,7.9896892722897785,7.233862745508131,7.815308569182402
2929,4.482225550645998,4.3443343686743,4.145693958198919
1371,6.3953983012444935,6.109813208981908,6.485452247339714
2683,5.2408185651509,5.355726357223159,5.47755576649368
710,7.012360126675988,7.115858045963407,8.304518323509802
2164,5.139368602815259,4.881889030392777,5.221848749616356
4349,5.641233248348493,6.8672333799913226,6.767003889607846
5194,5.389579065871813,5.035544331336307,5.300000202445418
1188,7.46492194906981,7.468093860319824,8.179995693191682
2664,4.791405952164904,4.851065372410967,4.927750102386486
5663,5.409417972194663,5.3287848381542675,5.285670240254767
2457,5.044659436072035,5.764029587260871,4.899629454882437
5846,5.8050165628419705,5.55533532348527,6.318758762624412
5017,4.661291445502934,5.356684863523838,4.809668301829708
2741,6.663531830117844,6.534736555981039,7.886056647693163
2522,5.755694983729636,5.630654631719218,6.3979400086720375
3409,2.542743299732894,2.930095644562797,2.530177984021837
5476,4.663187209904101,4.805837805099634,4.658763376761308
1623,5.198851953808243,3.782835140181102,3.196542884351586
5642,5.068849938832406,4.837272756971907,4.881735273910521
3339,6.387602555215044,6.051022722228369,6.522878745280337
2346,4.969924569401421,4.847590761136798,4.638839004804974
2008,5.260738169804909,5.110387188962535,4.385841290490825
319,8.062663919816764,7.370248464195645,7.698970004336019
747,6.96306302043522,6.601847671541464,6.515700160653214
1426,8.738715951811246,8.636944908623411,9.173925197299171
1084,5.7568263989203645,5.584345950350024,5.522878745280337
2997,4.99137558666975,5.282723077186378,5.414539270491499
4377,4.904406465992509,5.319094491719216,4.522878745280337
4576,5.376595448150654,5.641815613024363,5.432973633840939
4990,6.065762158177446,6.03091836499426,6.522878745280337
4988,6.203691717980523,6.089480321750264,6.060480747381382
1074,7.13010119693038,7.016167114478458,7.443697499232712
5509,4.153541984224611,4.083149908493463,4.0
3614,5.675751266065876,5.493252011831944,5.200659450546418
1351,4.978898949500172,5.089380116658953,5.045275209020937
4013,7.289830831807954,7.039384741295116,7.522878745280337
3066,6.319968764921568,6.908704380848559,6.08600081756968
5711,5.204805115829599,4.805344729980892,4.454692883534176
1706,6.731312649456378,6.992313161347422,6.405607449624573
80,6.352834046335892,6.260171153786085,5.823908740944319
1694,6.929161558328768,7.009119622033999,7.443697499232712
3505,5.422649656967632,6.095186804068373,5.172630726946175
4396,5.627851891038486,6.1833569651388025,5.0
1406,4.635276489141683,4.986024372668107,4.161150909262744
1042,4.166750922225191,4.723993808971408,4.0
4977,5.8326566763147865,5.82656284349101,5.950781977329818
6054,6.173605682430082,5.735977954806452,6.52432881167557
2344,4.87686221121863,5.0290438724038085,4.645315446045271
79,5.717769621898209,6.377808563645367,4.958607314841775
3126,4.716437091380999,4.8444664292408035,3.81864240797155
1335,4.3086613959686035,4.356731067055697,4.301029995663981
2499,4.169401167807159,4.556453746527649,4.107905397309519
4712,7.077079319036103,6.471839608472074,6.584025588623434
3697,5.486625555549891,5.499782186831208,5.231361898752385
2944,4.401641060432018,3.93509199973006,4.292429823902063
23,5.0204890636756145,5.253352449447471,4.301029995663981
1420,6.731407744056806,6.7513350187261905,8.079876673709276
5435,5.854805692359902,5.862171092020592,5.958607314841775
3611,5.322633350975139,5.247071300701501,5.207608310501746
5190,5.4853256518635,5.435893504785186,5.809999051930338
2473,7.244107599897429,7.716019920151132,7.826813731587726
6121,4.779430470156165,6.128102331052767,4.259637310505756
1488,8.350065921338542,7.492348517133481,8.782516055786093
3085,6.7301029429395145,7.48557480740595,7.812479279163536
3491,7.070844455192842,6.242332664220446,6.356547323513812
1820,3.930792096003555,4.244596684307257,3.5686362358410126
4256,3.8544632358271715,3.9283551449465905,3.6989700043360174
1786,7.325506318171997,7.2269880911720445,7.552841968657781
501,4.522144251426031,4.8021419017427975,5.283162276700476
1730,6.2669198417437775,6.225553794966913,5.659159450187668
1039,8.313986856209212,7.916118754041696,9.10790539730952
263,6.51798501846343,6.121295905808986,6.721246399047171
2223,6.604565134016697,6.740367632751946,6.844663962534939
691,5.793419728377341,5.4636210936528045,6.301029995663981
2110,8.201478673698496,8.261249299832603,8.599980364934842
810,5.725843286441918,5.547736040623616,6.119186407719209
4099,2.8904377831364796,3.003859470025324,2.975514332300833
4113,3.0630387351997452,3.3070888139986723,3.379343520180379
4607,5.326122683909375,5.45863023709422,5.0
2932,4.475801418880819,4.330260022395898,4.0
37,6.322086761533576,7.031672165387495,7.397940008672037
5907,4.216404361186235,5.044669336294287,6.073143291050307
4141,4.782857946095903,5.126365638225948,4.928117992693875
6012,5.746140105593774,6.516931157846642,5.346787486224656
4482,6.616960895142555,6.555347837775157,6.533132379645891
2471,7.606952257763223,6.882370327677973,7.153044674980176
3659,3.6423109000913736,3.764833636399649,3.627824713884936
5246,5.216160573301871,4.780377629525948,5.167491087293763
1741,6.813881952158787,6.653594668959531,5.026872146400302
4540,7.806108394203153,7.806889872915278,8.750068243365805
3089,7.170693386503775,7.199943084770036,6.400116927926312
1049,5.53759447285198,5.124868876733261,6.995678626217358
156,5.453782241068245,5.55422504956908,5.4156687756324695
3958,5.1389153130828,5.414329759964214,5.119186407719209
4302,4.7831926550406765,4.479114632710861,4.0
465,4.697979836902261,4.680532642035356,4.0
5903,4.90153401156331,4.6161400229463,2.84740592207253
1186,7.107062481447832,6.212483554382758,7.199970640755866
2312,4.799199730456099,4.555744991945168,4.864009153078375
2995,5.176797106121577,5.698953830006317,5.146910470148135
1615,5.502698893528281,5.472150440641937,4.508638306165727
1047,5.3959101183563245,5.715200567776876,3.9788107009300617
4834,5.271299841479348,6.235706419713412,5.0
2404,4.325681888137752,4.702721802493034,4.0343280287798935
2905,6.20036591482313,6.135416050035364,6.060480747381382
3263,6.940835562807324,6.968749796994707,6.653647025549361
1005,6.473720094963032,6.040242250492967,5.008330992620052
2778,5.038851210594732,4.857596648076709,3.882728704344236
2531,5.40426907232627,5.378627769748463,6.455931955649724
4935,5.505161841101997,5.896110016493796,5.404503778174425
84,6.319489154051035,5.972693504802907,5.346787486224656
2646,4.636013952637837,4.6678459496820475,4.706637445288554
2554,6.560680496669331,6.697124104663876,7.040005161671584
3396,2.8859971012907115,3.0198229922438924,3.2596373105057563
4184,5.287704833037333,5.497620435699269,5.301029995663981
2742,6.34694864176487,6.105147332109212,7.267606240177032
3590,5.4613153956808915,5.960678886774268,5.97061622231479
5500,4.199419095976422,4.299420357658136,4.0
3006,5.249838530811364,5.154274937319427,5.252588192113577
2843,5.224530703548827,5.424869057760922,5.115204636051019
1018,7.917729930854607,8.920550054134353,9.229147988357855
4898,5.57699225784041,4.919691992566867,5.0
1839,4.672466800844206,4.8630147677999656,4.221848749616356
1743,6.300926240441445,6.653888728097041,6.080921907623926
1963,7.871942491337867,8.976231260267491,7.337242168318426
2611,5.634419591271384,5.34056584325305,6.149997413907539
254,5.808276080291424,5.085804205521051,5.0
2348,3.8563262347046767,4.979057280609224,4.675511766692344
3886,6.064932360509587,5.862556116298646,5.714892970433188
5819,4.0023731600911265,3.913709494620233,4.0
3904,4.858157139239275,4.497980766240699,5.573488738635425
2516,5.690079248088437,5.443783955093491,5.241088107602026
4517,5.107675461485443,4.852524265925796,4.698970004336019
1595,6.433250053632188,6.292030616650486,6.698970004336019
2263,7.517073662384983,7.006509656597272,9.092051478387727
4982,6.480645767791439,5.981903479173523,6.443697499232712
6048,6.059606827913742,5.880416986928135,6.356547323513812
4697,6.018617968264988,5.682443964418868,6.075720713938118
1630,5.940634737858659,6.1327451015969086,6.275724130399211
4354,6.149082361823587,5.066470123089384,5.0
472,3.6667034562233254,4.087241139356385,4.204119982655925
4567,5.282738055092686,5.7282472278141165,5.292429823902063
763,4.41057879142353,4.2919548827074125,4.327902142064283
3055,3.3388206754385394,4.424658881373566,3.0315170514460648
2575,5.531073601746806,5.7876408411698215,5.710001024518514
5866,8.062599556175051,8.239943133187786,8.595166283380062
565,3.5634654605046316,3.3263909126089777,3.3569999954922864
2456,7.188743045261897,7.43614155339036,6.856985199745905
4760,5.880147846463871,6.556198723125798,7.512861624522813
2927,3.83466433809013,5.148698867054943,4.468521082957745
93,5.9890525436918445,5.854116979219728,6.431798275933005
5811,4.2149409647647165,4.729449476641864,4.884056823060945
5349,4.251798390678275,4.637162470923443,3.995678626217357
2515,5.486932559653134,5.539694770100909,5.396855627379818
5277,6.065894828956763,6.519585901982981,6.769551078621726
1921,7.44783540116246,8.689133587699885,6.939302159646388
3213,8.315492540096715,7.6575129163422035,8.034328028779893
4526,6.4721250786052815,7.108992288878203,7.42021640338319
3475,5.10959888103744,5.197750868985306,4.543633966870957
5160,5.1796716713776005,4.853924847147264,4.804100347590766
4774,12.39740874803019,12.669874346535769,14.30102999566398
1022,7.35363016442513,7.728386983679553,8.157390760389438
5532,4.155272247621663,5.0385113665626555,4.0
5796,8.191984758814982,8.289686733821684,9.387216143280265
2135,6.162148586214205,5.684065490822742,6.522878745280337
5770,6.759717964949559,7.267921000754939,7.088309841246139
1374,5.706005960922988,5.275931971080445,3.5734887386354246
5333,5.074331926812975,4.744464542551754,4.672028376376989
5028,4.897329121146733,5.06409411450322,4.846490010699163
3268,6.831775910676283,6.029329006970559,7.619788758288394
4291,3.7499261375132176,4.075998729689829,4.0
5150,5.3289203133204675,4.43315985160631,4.565431095965801
185,6.6793564263607355,6.816058885414442,6.636388020107856
5339,4.635347172897468,4.779601032407515,4.995248844408999
3941,5.071325312623271,5.550679107538168,5.0655015487564325
3123,4.5078258173312395,4.743281001702911,4.530472520812986
5579,5.922216478981408,5.443763016598659,6.769551078621726
3307,6.259783468697561,6.4899243201191945,5.47755576649368
3571,7.332365021673692,7.074313469535666,7.61261017366127
2370,5.575024569821062,6.211105176242426,6.560667306169737
221,4.660103337481845,4.243460766922758,5.0
1652,5.757216019754386,5.305921267746672,6.698970004336019
5638,5.351189088677651,4.704737094112858,4.87484417041947
65,3.6265098695790314,3.7621144910386892,3.4814860601221125
4248,6.070013625889247,6.537166824910216,5.0
157,7.107328913673914,7.333755748646505,6.267606240177032
5673,6.5311380627878455,6.2948035534477125,6.381951903287908
1038,8.870825737041578,8.692534784649425,9.537602002101044
2518,5.664461056260629,5.70897953901108,6.431798275933005
3074,5.838719082337761,5.7367720133706435,6.174002988352055
5566,4.371465561127034,4.96227731774256,4.301029995663981
5086,5.3802375904323965,5.2997356761262,5.0
4823,6.368355191215827,5.446183181494007,7.0
1487,8.427084516803312,8.532130662206088,8.812479279163536
3992,5.019761219501528,5.1598274347204205,5.275724130399211
5957,5.116887865095545,5.55368078666126,4.3979400086720375
535,6.2669198417437775,6.225553794966913,5.659159450187668
1566,7.38452346009989,6.858287955502553,7.508638306165727
1328,4.22310672113204,4.327541682914651,4.301029995663981
31,5.710474160683163,4.492046840301021,4.0
1163,4.626633841213512,5.34687756246751,5.0
296,5.9226944770957255,5.838022457865064,8.0
3265,6.99469775527129,7.264552884153847,8.070581074285707
5944,5.11380759897082,5.393531712519801,4.686554629573585
604,4.384856241422837,3.5612004433147626,3.639999991045884
177,6.51798501846343,6.121295905808986,6.481486060122113
5503,4.384045566825896,3.997197618934194,4.0
491,6.369281293748698,6.481618712504107,5.0
5775,5.9727063152659206,5.565587852123367,5.884056823060945
4994,5.677308576985264,5.731445227074353,5.552841968657781
5822,4.381890802257175,4.566392592840144,4.0
4961,5.852720884122297,6.368974095144652,6.0
3038,5.359235248107415,5.0258195923113895,4.0
1272,7.037578593501233,7.0813956615119595,7.866461091629782
5917,5.657697178288076,6.286020909006924,6.756961951313706
2458,5.746932741862558,4.827431289523389,4.987162775294828
351,6.841290655632706,7.067467681391151,7.698970004336019
2034,6.021514643170182,6.091850825495519,4.337242168318426
469,5.158088253763571,5.148664211082012,4.0
2154,5.552925398388224,4.914035709704101,5.3979400086720375
1032,8.75503423208034,8.781653677271631,9.468521082957745
1961,7.695021958878654,8.579244392746352,7.481486060122112
672,3.422215719960678,3.45608615104139,3.0
2157,7.015285125822121,7.019505010561437,7.096910013008056
3995,4.471927641083971,6.159271709196073,5.417936637088292
4274,5.632657128612287,5.912077153623737,4.448428026325747
3135,5.264993938345041,4.763940582514703,5.086186147616283
577,5.081955359104493,4.735553819448261,5.309803919971486
4649,3.966354935836801,3.8890755763825067,3.902395671125589
2899,5.331724610646547,5.1283097069228525,4.886056647693163
506,4.6048538086564745,4.585060687186258,5.082494490447453
1448,7.048472082237041,6.7142236876787695,7.853871964321762
5686,4.943030584132432,5.134222985760915,6.317854923626168
3705,6.076754625567225,6.050937385030322,6.386158178123931
2559,6.33352758610488,6.455101909553755,7.100015437450609
2232,4.76651135617381,5.144542216327384,5.4723700991286615
812,3.9230356292494433,4.25338352947512,3.3575354797578787
2095,4.7975654641427,4.166515843853811,4.640164517660112
4899,5.484722267561888,4.9694479087809205,5.0
6060,6.123064283351592,6.365606097947134,6.011441043121384
5020,4.967520518281246,5.021795576106395,4.789146634685107
4832,6.409819869051007,5.8965196696549835,6.860435733824151
2029,5.796088174809785,6.068178919199568,6.568636235841013
1873,7.566777096822219,6.090200306691377,7.327902142064283
3334,5.399133042224483,5.009950712371723,4.429457060118103
5792,7.997764994902719,8.328919470123427,8.739928612014925
1729,6.211561195684813,6.137216743536049,5.96818772866963
4456,6.769882882443505,7.463106881728718,8.388276691992658
3499,5.477318896621654,5.805111002409387,5.6020599913279625
4851,7.830894083245154,7.60007474446029,8.022276394711152
1297,5.647786369425546,4.602777377786259,6.0762380391713
3822,5.901735700428338,5.4025388145716695,4.525783735923745
5428,6.262412034519665,6.014683421812127,6.318758762624412
4240,5.054112867444724,4.884943683864701,4.969805214643249
4813,7.476891258534674,7.085581544127703,8.500038134403809
5342,4.610820804975521,4.668965520322481,5.935542010773082
1321,4.087144361235558,4.282174105373796,4.301029995663981
5414,3.848215349408812,4.02740742028106,3.0830199526796176
3661,6.900125963474514,6.9273109317743575,7.701146923590294
2671,5.636962438285621,5.307030620617878,5.749579997691106
1360,5.350893624762354,4.858854827962705,5.0
1103,5.508066925876072,5.231717659391799,5.522878745280337
907,6.734587473203117,6.901134887454903,6.903089986991944
4428,6.7552344811953775,6.645355145507886,6.453457336521869
308,4.452644355188574,4.941208363544008,4.0
5212,5.774941880787549,6.20976026028025,5.983384452442823
4486,5.506169045273541,5.894551099973326,4.129011186239425
50,3.20157293361109,3.1626966566351715,3.0
1665,6.052648305063951,5.380256478214497,6.455931955649724
2574,5.5053562047890034,5.3668225596995995,5.459999812689
323,6.837381011903469,6.887622010213363,7.107905397309519
476,5.607148735043284,4.553552594450721,4.568636235841013
5432,5.842139753519436,5.914923515727242,6.267606240177032
676,7.333804639223663,7.390928697686515,7.769551078621726
2488,6.683901041536226,6.075551114030297,8.0268721464003
5453,5.961021919563279,5.213969616530159,5.886056647693163
5195,5.341677817797718,5.64538123639206,6.519993057042849
6009,5.715772565688317,5.82019061315282,5.7447274948966935
1897,5.291916076954851,4.5580737141821945,3.872895201635192
5550,4.607451922814375,4.83317164989422,4.841637507904751
1172,4.865803326858469,5.13076157133473,5.376750709602099
6115,7.311735207169633,7.321050184077422,6.982966660701219
1192,7.150523557504977,7.373140041367295,7.730020323354676
6101,6.519170839206991,6.502575653074496,9.2839966563652
4768,10.088153222706946,9.396026945600157,14.30102999566398
5747,4.0651992559948,4.92831925283598,4.214812579970638
5332,4.884550295020111,5.025446270523015,4.461426266193144
5429,6.107171110754047,5.724498144932863,6.42021640338319
5143,4.941835797348913,4.891473442301608,4.0
534,6.828314869721107,6.641380745716622,7.42021640338319
3749,6.905547490871851,6.996120369747794,7.73754891026957
3558,8.0320450163081,7.637810903809688,8.59176003468815
2640,5.073839601153684,4.835886354218676,5.157390760389438
1220,4.178791283351551,4.143343461762459,5.549750891680639
1926,8.096358727601599,8.952457063016706,9.045757490560677
4035,4.74063456840659,5.075137444298895,5.6777807052660805
1149,6.614403510875588,6.349121548202523,7.287350298372789
2960,7.344328032652629,7.595518993363564,8.667561540084394
239,5.103120618087071,5.542213521909188,5.0
5045,4.721332562698627,5.171543302319197,8.522878745280337
3221,7.706535166988261,7.192276992937243,7.42021640338319
199,6.286872091613094,6.557837158385043,6.721246399047171
1400,4.247328272400245,4.012015307348037,4.0655015487564325
4260,3.91496633552358,3.832636346652557,3.6989700043360174
1983,4.483737360129025,5.451465297981938,4.823908740944319
926,6.590117290366477,6.745091449755287,7.251811972993799
3011,5.287130413597758,5.338795306434983,5.214670164989233
5460,5.466708827597745,5.706647317670503,5.2403321553103694
2284,4.690016033079686,5.126885072970869,4.756961951313706
1867,7.595108835345659,6.563520131073585,6.496209316942819
932,8.307801943342671,8.444249695283451,9.086186147616283
2716,6.071467337192085,5.3641357638131595,4.823908740944319
4316,6.438737708405171,7.122936266169704,5.0
101,5.545336014794699,5.261825254281678,5.269999835325842
3210,7.6182977066505195,6.907802968709702,7.607303046740334
4817,7.356164034324418,7.938333820166544,7.199970640755866
259,6.8215244498653425,6.504589211679239,6.823908740944319
2233,6.302993836412288,6.217697756073129,6.294136287716081
538,5.193744611402823,5.473312892307912,6.283162276700476
5517,4.9182285591605295,4.708720721392323,5.648203693102976
4397,7.009299324334436,6.303613419155153,8.221848749616356
5565,4.355546973920812,4.120758883067036,4.301029995663981
2534,4.612221064515443,5.094790268704764,4.984640244590786
5754,6.208296187733312,6.248480381875303,6.285670240254767
2476,5.278162642889732,5.339783747567709,5.696803942579511
2291,4.728681453548403,4.660254906533527,4.835647144215563
4092,4.770616768975422,4.837767163757231,3.6989700043360174
4745,5.700882356031302,5.843423255197942,4.892790030352131
1477,6.558367690878628,6.548107630867069,6.651695136951839
5050,5.324380230424228,5.3403896469754555,6.044312249686494
4552,5.397270196651756,4.690330985573333,4.85078088734462
2886,5.373041744863006,5.90012166767202,5.1487416512809245
2550,6.2484589437424685,5.66760656808459,6.270001452716577
1509,7.786728685031005,8.140935682566479,7.603800652904264
2812,7.545703145166914,7.270677613379776,7.709520186669327
5207,5.13213359957026,5.306944421733253,5.0
4257,3.7635554275442633,4.283748703751906,3.6989700043360174
4404,5.688941663597602,5.662395254914103,4.505845405981558
1073,6.291752554869958,6.23732963384969,5.173925197299174
1161,4.769011379050315,5.071822116825581,5.0
3544,5.343114868122799,4.7306212196688815,4.1487416512809245
3693,4.91149491152246,5.706209388189769,5.7121982700697735
5084,5.400674576795593,5.081888559337209,5.0
865,5.480883363637674,4.4779172107459315,4.079999984911641
2859,5.252118617233803,5.209992313432611,5.3872161432802645
217,5.98622890572366,6.015576796829919,6.823908740944319
1345,7.1289048255384735,8.078086074538888,7.705533773838407
2004,5.462050974915621,5.157005674367206,8.154901959985743
3407,2.6132550197149507,2.5146161694572156,2.24184537803261
1662,5.35904978918853,5.160665972295288,4.473660722610156
5025,5.6034721453554805,4.801343628490256,5.282329496997738
1097,5.975342781474778,5.257086204786485,5.522878745280337
3997,6.225123938685806,5.981437463326718,6.368556230986828
3096,8.174690224277661,7.502981333101074,11.221848749616356
3008,4.620936280526946,5.118040090918875,4.0
3770,6.170616173342114,6.035860610335748,6.00436480540245
5946,5.366980619025244,5.3262105266141875,6.091514981121351
88,6.322086761533576,6.623056565135781,7.096910013008056
5155,4.970717666248528,5.056620675536364,4.774690718274137
324,6.209727531656305,5.9668184933389234,6.678008252452735
4390,6.782122965032008,6.434786907326025,7.698970004336019
3290,6.277428817094288,6.083154642341459,6.163675884293248
3954,4.962569664531201,5.557128294812904,5.1249387366083
408,6.780339735605122,7.04114705565144,5.247605791594637
325,6.0218245198431015,6.696112389957115,6.467997690417565
3484,5.909015166499512,5.515599216572358,5.42021640338319
5731,4.629568720900484,4.628735487677859,8.309803919971486
132,6.062637176417407,6.140513165209163,6.795880017344075
881,4.926932536714929,4.48803883597349,4.800000052738446
3855,6.355742384764757,6.511162925727893,6.651695136951839
2407,4.4005667382882026,4.299194912699451,4.038578905933552
3524,7.501473599996186,6.576036582696891,5.959924036727676
2617,5.3582187243602855,5.338952399072996,6.090000275786018
1756,6.553797000659186,7.216773555827054,6.356547323513812
2970,6.0687128293075165,6.4734916875684885,3.886056647693163
1480,6.253510011308606,6.655788855747779,7.1487416512809245
4365,6.186526316002552,6.367483017437686,5.0
1922,7.603816698964495,8.837313723922586,7.1249387366083
3893,4.900579987654221,4.849438812514414,5.075720713938118
712,6.272043832861326,6.813963546122163,7.114073660198569
5835,4.751875869799569,4.683024202707559,4.176525770829699
1634,6.615739181296462,5.919297526410333,6.356547323513812
5281,7.5722962138403975,7.297566622636448,7.412289034981089
3167,5.336356596896451,5.5634221424287045,5.091514981121351
626,3.20587756663857,3.179387695468363,2.753999999115533
2388,4.69889304802773,4.317608119770929,4.346787486224656
1945,6.117586022500087,6.1708254179542195,8.679853713888946
2144,4.5248088593988305,4.147811456008394,5.154901959985743
4043,4.689885880322955,4.668245987203845,4.156144577376839
2980,7.428850489122895,7.533515798798888,7.739928612014925
371,7.388000415164423,7.080308638405471,7.533132379645891
2252,7.6255693488000595,7.114564493561231,7.119186407719209
6076,8.364405674769035,8.274929549217475,5.779891911959945
2594,5.1167206277478865,5.183270795541809,5.180000294489514
3796,5.743629579230664,5.5321339389216595,6.060480747381382
2548,6.079546383390935,5.6640241693232944,6.659992382003327
1193,6.5793545774073205,6.703816263346837,6.770011163455189
168,5.814797554375888,6.562646310228754,7.501689446210399
4279,5.439066913011946,5.674706410632607,5.498940737782249
4074,8.038345799318044,6.5963472536991326,7.22548303427145
14,5.604093850443521,5.834504982847543,8.0
3722,5.713451268898066,5.457982026514728,4.912928794093465
4915,6.8388739024322875,6.074822910911641,6.645891560852599
198,5.623379358371151,5.553259684252794,7.376750709602099
2323,4.789943005779318,6.0678436973279695,5.573976984310124
4790,5.169087482422176,5.450171932492841,5.0
3946,5.019829421678198,5.053648495285239,5.1249387366083
5267,5.332256154640877,5.532099408447129,5.455931955649724
3418,3.5899287494022083,3.8712115327374965,3.907384609058445
3682,5.997009577834376,6.170902359358056,6.465973893943865
4657,6.368794868571318,6.032645705185868,5.860120913598763
5666,6.019818650830804,6.052441012637758,6.009661145212399
4386,5.84605428289897,5.4431960883711135,5.0
230,5.242650724117361,4.979609656691796,5.0
2480,4.595703859136767,4.845972276409411,4.301029995663981
6119,6.396373747607519,6.030854102343998,6.562249437179612
3807,6.860493094092364,6.735489068784115,5.3124710387853655
3829,5.692129819914614,5.313765486226887,5.7447274948966935
811,5.666661558837988,6.264236922128957,6.337242168318426
783,4.757165264946084,4.635324154453026,3.630784142589857
599,5.003613630285575,5.598236832545227,3.1230000021524136
4296,4.225539026806296,4.0052302477343655,4.0
1862,5.504779594292605,5.668271190629145,6.0
3424,3.6639416384236023,4.007558302027656,3.583975595973466
5831,4.770453519752068,4.254041226926037,4.045757490560675
3534,5.096585369482919,5.302049717883766,5.982966660701219
1789,7.66947944304295,8.299069397283072,8.958607314841775
1888,5.667588435057512,5.210405374795071,3.958607314841775
17,5.128618979049769,5.172649449299138,4.769551078621726
4690,6.157950141098534,6.277509336777123,5.42021640338319
681,6.194313180972778,6.7638429918583025,5.694648630553377
2513,3.408784828451171,3.0653959046766173,3.585026652029182
4655,6.207132710365467,5.810817965920583,5.651695136951839
561,4.334607544965113,3.6046703424686517,3.9000000040686618
4259,4.314763802775309,3.7645301697297358,3.6989700043360174
439,5.641502631807385,6.004174038170539,5.010000098195094
3947,4.933209388183825,5.399805781604185,5.251811972993799
3870,6.501004449130854,5.921535035370849,6.297569463554475
3801,7.071177227152499,6.733496640454716,7.494850021680094
5457,5.248892318874715,5.482710203047128,4.788612447063141
4168,5.776077591904978,5.563449961657748,5.853871964321762
5716,4.877127962708806,5.098654350675554,4.304518323509803
5303,7.310222305920596,8.078797036155732,6.808828544271441
1672,7.196357838791582,7.032997008787217,7.958607314841775
4127,4.438490228050025,4.883500664238947,4.212539525481585
4405,5.112960586060866,5.692958250359761,5.087246696328677
5479,4.855928527038098,4.570559553983942,4.532539890492736
1569,7.1665530777771815,6.739640759388587,7.075720713938118
6117,5.782378950687458,6.739996902314853,6.943095148663527
279,4.709537317450683,4.922622465836027,4.221848749616356
3821,6.129844059779901,5.949254048197751,5.074172425375258
2955,3.888461415285392,4.095704447772238,3.348721986001856
1142,6.0494280520649895,6.463888981250939,8.29413628771608
5278,5.958874220890419,6.504616450710401,6.0
2339,5.796088174809785,6.068178919199568,6.568636235841013
706,5.46174152980297,5.56414521787366,5.769551078621726
5639,4.832882999305087,4.988948387801821,4.818728228440539
576,3.4603882155689396,3.3598448596692907,2.622000000529848
3742,6.876680829190396,6.197922744998683,6.747146969020107
1620,3.4728654850109244,3.9775734936162404,2.696803942579511
4101,3.013348412709643,3.272350603613921,3.0192242260373785
2857,4.847691084127183,5.12517508068622,5.162411561764489
1261,6.2971635613360855,6.933092419519865,7.1432711096171175
1501,4.835712529229364,4.554255876080671,4.642065152999546
3670,6.2370995622637215,7.402123805515019,7.510744831630739
805,5.731182131684819,5.7748997791961365,6.522878745280337
3095,8.078776137435005,7.996944006891472,7.847711655616943
3720,5.582867780852416,5.447961248181301,5.033389013318065
2519,5.622485709473295,5.639761713438461,6.481486060122113
321,6.77271680718233,7.025543660428643,8.0
4827,7.1028675494996865,6.723682097501507,6.774690718274137
4919,7.014978777244433,6.7545967504536035,6.665546248849069
3678,6.301416926855242,5.9199121307249225,5.823908740944319
4233,5.369654460314499,5.302617462020039,5.057991946977687
1859,5.511384913885757,4.9091840506891735,5.7447274948966935
2851,5.045254414871375,5.209297367439852,5.11975822410452
5872,7.227947222277283,7.1786184971892215,7.769551078621726
1175,5.037599380089305,5.281403827939242,5.657577319177793
3880,6.1937830874457465,5.997915896368509,5.224753740259764
4322,5.946527181952975,6.51400755609056,5.730253626869233
245,4.6895116621489885,5.0242696382101,5.0
420,7.835876792434571,7.078538066992599,7.346787486224656
4668,6.02886175446184,5.866497255318416,5.419075024324381
553,5.120445802393579,4.96240629370709,3.461999999164308
373,7.343449534442731,7.095674667937553,7.675717544702307
5238,7.938824990883789,7.228587125165661,7.781464494783472
3559,6.336403538482072,6.697395893369177,5.684029654543083
4077,4.878816873912286,5.041785276260443,3.6989700043360174
1057,12.646818535965073,10.582518659354157,10.0
2794,4.469818171116653,4.947918805445868,5.539102157243452
1520,5.22620066571301,5.166180004288277,5.320572103387881
3435,3.8477726904479566,4.11880535748773,3.4440354152585777
181,6.731407744056806,6.7513350187261905,8.744727494896694
5715,5.1537323618272115,5.028754066802038,4.450996737974212
2067,7.1935010199885765,6.639287728540446,7.795880017344075
3504,5.261450104957525,6.03755270357247,5.179798540514359
1350,5.562089233098508,5.148529493189248,7.0
1090,5.474953062654425,6.114039544954128,5.522878745280337
696,6.9729094197982215,7.380174819863091,8.856985199745905
787,4.572997376465554,5.3579489660816115,4.099086932262331
3023,4.850222723576858,5.129081130008275,4.905528871358356
4375,5.89847931431615,5.527728971522073,4.975104039892515
530,6.485778999481935,6.5469147604103375,6.7544873321858505
2781,7.1969668551383235,6.337904696949366,6.886056647693163
4163,5.900409802582658,5.436009072467617,5.552841968657781
1545,5.9562796317717766,6.213895367008907,6.434152181326482
3226,8.19815865532064,7.558346110373022,7.761953896871205
5961,4.995226351062861,5.955173406500117,4.522589312092748
4266,4.221203904585821,4.564721277890146,3.6989700043360174
742,5.046696195380123,5.125003757696704,6.301029995663981
5313,6.553584000665197,7.445605285325485,8.355561410532161
4416,10.296561740840382,9.917800193591212,10.84924356013969
5795,9.44371035432496,8.15937887806481,8.621602099051863
5970,6.1294058137996,6.31951781845438,6.293282217663241
5203,5.373625699742618,5.18361912954801,5.384997385475412
1831,5.170915504643668,5.228758348364164,6.130768280269024
5470,4.940557797618506,5.191367938739432,4.989700043360188
1215,4.178791283351551,5.093000318740181,3.041914151478915
879,6.036355480639453,6.273473188068386,4.318758762624412
1536,7.742615865221278,7.400475464043247,8.060980223551333
2168,5.03419870534862,5.9013253660549365,6.096910013008056
15,6.073020247358774,5.634651996065885,8.0
5533,4.1974347754242105,4.569283073674109,4.0
746,6.4691621711941885,6.4788678749697475,6.2839966563652006
1397,5.445241345961416,5.3984431681802185,5.638272163982407
5591,5.871178625593798,5.504222489937521,5.966576244513051
5270,5.443471762513212,5.7573063507300954,5.823908740944319
969,7.359971961566605,7.065438514240125,8.154901959985743
622,5.012294208561445,4.305063764094694,5.506999488779331
1554,6.8757936371359705,6.402937412900504,6.795880017344075
1411,5.092569818664685,4.237406965440271,4.167491087293763
5995,4.823826001399981,4.281547635792377,3.4624327428473247
3905,5.505463796618801,5.709170066726483,5.806875401645538
625,5.716025286227267,5.862051250965833,6.42021640338319
1315,4.46807804145698,4.214754295347054,4.301029995663981
2758,4.250572488553824,5.094525511824473,4.041388342235121
3550,6.885160260437494,7.475911270810702,6.0030507515046185
5083,5.668006118531255,5.834165543609247,5.317854923626168
1362,4.550463920561014,4.84256726253149,4.357535479757878
1892,5.22010634941955,5.48379363424498,4.162411561764489
2318,6.2865084855533855,4.67998874647004,4.711974464611637
1840,4.392082844422328,4.870445776385664,4.327902142064283
3047,4.991913243855755,5.064534875898803,4.0
1894,5.200892665751284,5.21479274559018,3.0
2753,4.199184909770107,4.10812108099741,3.916819995870023
2732,5.129021510161692,5.445827913830962,4.0
586,5.979239563216964,5.141100716633927,6.42021640338319
5478,5.447882843100147,5.304553781209608,5.310691140876379
4010,7.329425228778975,6.892883248864898,6.581698708680254
2115,7.3287173719968,7.552557801904848,7.189969213594161
3523,8.27226103953816,8.273984372501223,8.336299074610352
8,6.170016758232615,6.54288807821432,6.096910013008056
2031,6.021514643170182,6.06775731066753,5.795880017344075
2934,4.475801418880819,4.330260022395898,4.767003889607846
2941,3.843014276733098,4.225278135564773,4.267606240177032
2464,4.872082735043991,4.9195067128430425,5.055517327849832
977,6.319991181155026,6.198410192982917,7.045757490560675
3897,4.989563171811888,4.558897980727058,4.624885315307775
549,4.509455633029058,4.4934432404903095,4.309803919971486
5174,5.103361487297413,5.46094261632856,5.180456064458132
4454,7.628412429242152,6.9462811835781215,6.277366077466188
2114,7.954279942965409,7.708620272789081,6.819988880942282
426,6.916492744694024,6.669537094174673,7.639974910810602
33,3.175459112174049,3.527540471525485,3.585026652029182
994,6.6857722543321385,6.3247302938295835,5.52432881167557
44,2.9711988046187776,3.2862345371529176,3.0
4159,5.6416794840260485,5.383077862546204,5.366531544420414
893,6.008701681261319,5.633031605689711,6.481486060122113
5085,5.532244218630197,5.182573544738007,5.329754146925876
1223,4.785420537817684,5.790539336807014,5.204119982655925
4471,7.245822719122476,7.778882446183993,7.185752404268079
4557,5.497352105602558,4.996648801665356,5.85078088734462
4129,4.855911625653675,5.016770867882766,5.1180450286604
1451,7.130582736524656,7.613066506105487,7.798602875679548
3187,5.935822680084605,6.230037185232745,5.663540266151471
63,5.69243066119776,5.652339969816789,6.200659450546418
1817,3.7580021704983926,4.466831352966966,3.356547323513813
5808,4.42572652961756,4.349483192438411,4.0
3133,4.812047385633389,5.446674812940108,4.453457336521869
5623,5.75941302446427,5.508322619906768,6.275724130399211
1844,7.748506589491145,7.3942651089367635,8.167491087293763
227,4.806873148855459,4.5867733796215475,5.0
1499,6.2484589437424685,5.66760656808459,5.795880017344075
1075,7.13010119693038,7.016167114478458,7.698970004336019
3622,4.916414385982809,5.232430262774202,5.1938200260161125
5008,5.832892944292988,6.26791230913008,5.0
1197,8.336047935742302,9.88435070315365,9.638272163982409
1670,6.982322873789816,7.044167378880313,7.698970004336019
3879,6.036864242501516,5.992310513258386,7.346787486224656
1056,13.04440766858613,13.195019294590564,9.060480747381382
683,4.951374376909965,4.6574027648888645,3.408935392973501
4675,8.310762253972074,8.424171961614107,8.698970004336019
1044,4.0001218625228,5.020387862258328,3.863279432843593
3715,5.39793704380595,5.220071742623091,5.812479279163537
2670,5.250331138671354,5.725192938367333,5.749579997691106
3532,8.215105675059268,7.80154073959547,6.729460905739452
3652,3.8250772219211617,3.7972301362174643,3.843450848668218
1438,5.806901135069215,4.253814204687426,4.0
6090,6.570926276680569,8.751217963070948,8.698970004336019
1671,7.253469738329693,7.187922656169925,8.0
2913,5.672979586492422,5.353523525721403,5.52432881167557
1512,7.612984268977547,7.97492086791243,7.716698771296451
4773,12.899646689445332,12.750152008392137,14.30102999566398
2954,3.6916566140806357,4.2607903212917515,3.4558078892349675
5856,5.881265867771642,6.181308808424219,6.920818753952375
2707,4.900343857176813,4.845423712324692,4.0
4504,7.48572849887096,6.342982904772104,7.489454989793388
5861,5.855879323408289,5.643169157385401,5.657577319177793
473,6.42699168195444,5.766852798536126,5.0
4498,5.298114911232818,5.990456478695918,7.744727494896693
3098,4.80996030685356,4.278411384238355,5.6020599913279625
2900,5.330264941674256,4.718765070759812,5.381951903287908
297,4.701753985691805,5.170208854330388,8.050609993355087
303,6.047091640312684,5.40629327022978,5.537602002101044
5273,5.537495624344486,5.771874395483259,6.920818753952375
2477,4.5670127119848685,5.075261784931247,5.3448615651886175
2525,5.423145829295205,5.282796820733672,4.755475488429917
996,6.323419418071284,6.858130872802298,5.467245621007502
1965,8.140210474323117,8.891350924440408,7.962573502059376
655,4.07349983236732,4.559037799722317,4.096910013008056
1832,5.564370704285329,4.959318076813851,4.187086643357144
3113,4.595875812490668,4.8678780261150685,4.883724412419456
3437,7.282930220002213,6.684769232282736,6.847711655616943
240,5.097093152389449,4.965965999093389,5.732828271596986
2926,4.887703325934589,4.736615305664832,4.096910013008056
5657,5.88017541288147,5.935097534000126,5.7121982700697735
4401,5.2824887305223145,5.9615940430443,4.995678626217358
5999,6.334834088157315,6.532325590349635,6.647817481888637
4481,6.616960895142555,6.689669178395593,6.7121982700697735
2655,5.848250617496226,5.017553809906568,4.799696817018415
4436,6.722065391176873,6.879480621532496,6.890759031411797
1535,7.598167798457726,7.018012055206545,7.363512103646634
4466,7.5920930096535315,7.394833776382319,7.5968794788241825
2687,5.759279959670543,5.0347366830727385,4.838033383635925
2018,6.063897390042838,5.708896954709012,6.793713955587568
3861,6.307129595146056,6.0202883784356835,5.948847477552619
2177,5.1693583529378975,4.573726380012748,4.690369832574101
5824,4.614923014574046,4.317931714898842,4.0
1344,8.181335351374534,7.83747674754134,8.26440110030182
1608,6.370480126463061,5.825747696631092,4.542118103266008
1046,5.002349913801944,5.378133658952559,4.337242168318426
333,6.6143724577250715,6.3200234278322105,5.0
5641,5.065858666337647,4.91652398395962,4.811634073936852
1158,6.33352758610488,6.455101909553755,6.913640169325252
2885,4.944782969632043,4.650469702948707,5.537602002101044
4400,5.411508396494765,5.407429970304246,4.623423042943488
1872,7.566777096822219,6.238505695000787,7.2839966563652
5744,4.151455762080434,5.416132602672812,4.167746629802992
1433,4.274982810372603,4.67791275952913,3.896196279044043
3311,5.802517334687684,5.6846424972756715,6.149966742310231
4128,4.623988009502134,4.7895578277203015,4.381951903287908
2149,5.1142262029680765,5.470316987737818,6.522878745280337
5911,4.3710571784531105,4.670370889266428,2.947690900352677
1027,8.230086940543975,8.962811099443709,9.596879478824182
247,5.170862188475089,4.849323927629672,5.0
4937,5.672666715550993,5.682945984797279,5.0
5964,5.641498360423315,5.969076078735478,4.3979400086720375
1108,5.583925898649799,5.377979741541642,5.522878745280337
5508,5.058255847312077,4.708025718182386,4.0
4836,4.679022351241853,4.904154728366718,5.086186147616283
4771,13.329941183242994,12.824207001519646,14.30102999566398
1807,7.910508963777366,8.015923089376116,9.154901959985745
3237,6.061909503435917,6.639119705152201,6.270025714300444
5395,7.025243273533177,6.654966926086084,7.101713721410877
5773,6.126089181207343,7.371318421463035,5.855737226238009
2451,8.367982543165361,8.52370617966015,7.756961951313706
3346,5.921971167986303,6.013113416807016,6.0
3703,6.155842682055563,6.196516859627912,5.838631997765025
3316,6.4852135973362435,6.518642823570616,6.728158393463501
1421,8.73008939540515,9.46359059941053,8.97469413473523
4372,6.324564236698842,5.944523443964765,6.327902142064283
1194,9.16411962868017,9.277832464854985,10.154901959985745
598,5.033157669626888,5.51984136111801,4.388999985463252
4489,5.396692833726521,5.650498599081294,5.095825631715837
315,6.726983654529066,6.8301969267808875,7.823908740944319
1219,4.178791283351551,4.462365745877782,4.987162775294828
3574,7.1380718245287,7.076282467935379,6.372634143407267
149,7.211491119779115,8.028016297416453,8.221848749616356
4006,6.854618181580869,6.980802426098949,8.236572006437063
2450,9.093820657526194,9.06281233830344,9.522878745280336
290,5.084881247994585,5.254372141972124,4.522878745280337
453,5.972081327129902,5.244432991943552,5.779999190713337
800,5.186522929181903,4.966290142811457,5.7447274948966935
3938,6.125315813089024,6.205454196993856,4.580044251510242
2197,4.660542734663419,4.83815114369113,4.735182176990463
2077,5.768539493265799,5.154546126903883,5.0
5512,4.513941567434788,5.051277410990137,5.636764195516307
5098,6.499175116305865,5.891896277823924,5.928117992693875
1544,6.022785584491489,5.99886288069553,6.406713932979542
3935,5.793343578411291,6.346244603861061,5.221848749616356
3065,6.217959271271119,6.433550025940564,4.917999940709231
2656,5.110193251091179,5.149662617474079,4.904133546521457
4702,6.892631332429503,7.035824203097402,7.039053804266168
3799,6.692116601826729,6.538247231946622,7.055517327849832
3482,5.13620962708551,5.7845853764674136,4.640164517660112
5635,5.22108414603033,5.3032457891428715,5.838631997765025
2063,5.146511169568965,4.847888515113549,5.376750709602099
6047,5.813933275925125,5.945455001157921,6.928117992693875
2025,5.260199234986295,5.2390322080136364,5.036212172654444
1586,4.06944506589842,3.917525359506332,6.920818753952375
2676,5.240839849814732,5.895360779241827,6.46344155742847
4896,5.040329097397657,4.813481658113641,5.0
4423,10.050186385430715,10.32707142084717,10.586365002801443
1825,4.331179714280554,4.998031074039675,4.455931955649724
1199,4.967591998086182,5.798187621098551,5.571865205971212
3357,5.008571600804371,4.616418552891282,5.772113295386326
5182,4.741105619846034,4.951754204687224,3.0
1738,7.019885602238236,7.352015741633325,7.744727494896693
4391,6.904404502617583,6.798302510435068,7.113509274827518
2622,5.48724919908281,5.052363288172781,7.920818753952375
349,8.134169174940691,8.27372605131717,8.552997101533837
5082,5.182319286663701,5.199866980451082,5.441291429466834
1330,4.533684888420405,4.576494947926135,4.301029995663981
3817,6.568926856485074,6.215338861277323,6.709965388637482
381,6.711620153770493,6.490572912129774,6.411728293157671
5459,4.804891602694677,4.879086127421063,4.898940645091884
2187,4.990766981779356,4.911175768337667,4.5934598195660445
4329,6.095311201489663,7.085692092224795,6.843148098929989
422,8.952786456313373,8.313719589159135,9.481486060122112
2792,4.578202149468641,5.396260127358001,4.698970004336019
4643,3.9518499566826653,4.277409129881426,3.3410351573355648
1507,7.965343500154708,8.160809571348555,7.779891911959945
4840,4.928712820532847,4.88495817477643,6.075720713938118
3425,3.700682350779015,3.523879334836191,3.3010299956639813
2098,6.381480267415937,4.938273082338298,4.853871964321762
124,6.843615460096684,7.059095526735212,6.1249387366083
102,6.319076677125704,5.681477878045157,6.509999358109048
2668,4.44138654614407,4.763499829212319,4.752517739322946
1893,5.97502284954173,4.9777252330708635,4.417936637088292
3217,5.983150907900858,5.943980735545721,6.092051478387727
4878,7.0081136168428095,7.2324146178759445,6.920818753952375
4019,7.446049565932337,7.826676744658528,7.744727494896693
486,4.812047385633389,5.446674812940108,5.381951903287908
4890,4.868794480372575,5.113940717357714,5.026872146400302
2345,4.623390715801041,5.01696393544708,4.736363931411892
1657,5.541919455019267,5.269060348317608,5.3979400086720375
3895,4.936877744961358,5.224901963786323,5.0030507515046185
4513,5.273670472865771,4.884218504919999,4.698970004336019
135,7.371790818866359,6.87400054615439,6.0
5761,5.2727392259757755,5.323653749378679,5.3879582553547305
2835,5.465670695631828,5.492269792677758,5.841637507904751
4703,7.209749626841632,6.715328473264153,6.560667306169737
1617,5.502698893528281,6.449360066910803,6.3979400086720375
964,6.953991898496493,6.497952708838438,6.045757490560675
5345,4.548846639121418,4.666721951775232,4.953895212753961
4153,7.357458433429782,6.45730325802977,6.229147988357855
4195,5.8101806940313585,5.610526457710502,5.301029995663981
5531,4.711590763345186,4.600986509860277,4.0
1323,4.869642545800393,4.1719689959921356,4.301029995663981
1183,7.713849921334985,7.6912727359869795,8.240030142445693
5244,4.61490042966774,6.088665753337701,4.0
807,5.450918292827345,5.156019881485064,7.275724130399211
1580,4.797237954743798,4.819715671633389,5.221848749616356
3615,5.22030602110292,5.459610455638399,5.187086643357144
3710,6.444447985826294,6.437469184782125,5.481486060122113
2072,5.505779350302069,5.108890112493804,6.522878745280337
4600,4.799328893859342,4.617033896197547,4.7447274948966935
4087,4.97581429760208,4.309041942353274,4.045757490560675
3815,6.80181734169442,6.0468908694610795,7.136677139879544
4034,5.25266502478124,4.706815345125502,5.3851027839668655
354,6.4777017594560835,6.021734673389409,4.455931955649724
5613,5.375560585322488,5.356188010189266,5.0
2759,4.664610828563476,5.4950425080204734,4.552841968657781
4652,3.7919819458884714,3.820592586874245,2.813467435407603
2264,7.421159575542329,7.674290527654708,9.10568393731556
144,6.636231785577981,6.462798369688971,7.045757490560675
380,7.9925014166871815,7.503537922567334,7.661543506395395
2405,4.462293040475067,4.326543803054052,3.9617773616312815
4679,4.855656004569106,4.487601680841963,4.73754891026957
3481,4.878424326469413,5.559047478256609,5.2441251443275085
121,6.547523165737474,6.197204342494295,5.377785977033705
6035,4.480091478580226,4.849795311731703,5.247183568811729
611,6.269183454303731,5.764071852693481,6.42021640338319
3193,6.916799618977012,6.940313718995651,7.00788851221305
4094,4.499376992402426,4.331870619780556,3.6989700043360174
418,6.002807320589107,5.8508876355417625,5.522878745280337
4907,6.787610993097991,5.467971772201732,6.8297382846050425
2350,4.119885936181132,4.763370312229027,4.788612447063141
1666,6.211090627126475,5.336247838095836,5.346787486224656
1407,4.194663802119574,4.875854502390219,3.823908740944319
3759,6.864385972888809,7.328140992019802,5.42021640338319
555,3.977048701535796,4.138897968916604,3.872895201635192
1119,4.838324605351787,5.447212717333691,5.522878745280337
5062,3.8590859519008798,4.214573539713926,4.0
1745,6.329585361942736,6.352235280609177,6.154901959985743
1092,6.2389310272068785,5.638228626887189,5.522878745280337
248,4.930579350779144,4.752152607651018,5.0
4305,4.7831926550406765,4.479114632710861,4.0
4384,6.8134520765445945,6.104430974576578,7.236572006437063
4144,4.90643987546816,4.882362665697294,4.906578314837765
5589,5.301945427207821,5.49985496499394,5.539102157243452
447,3.9177384350302162,4.509177325521949,4.236572006437063
3541,5.702589517305447,5.40806599580554,5.292429823902063
4776,9.251766865455167,8.60410652362691,14.30102999566398
5542,4.71511422900782,4.680723092583596,4.404503778174426
2776,5.599041029519398,5.530637300354601,4.657577319177793
5655,5.428776502834181,5.485612407440765,4.860120913598763
5046,5.092667325139422,5.316360463522682,7.552841968657781
2357,5.077008541971147,4.178420888254514,4.936291440608582
5158,5.726213791903865,4.9315278993946885,4.747146969020107
3752,6.404851260874354,5.478385050323845,6.035269078946371
1263,6.320965767461048,6.887292668338602,7.291579099865287
3583,5.161952433849338,5.558444465613577,5.112945621949043
3727,6.856948115159265,7.082755380217973,7.094204119632131
1174,5.15596563433278,5.306414645838471,5.886056647693163
3497,5.351329951951394,4.927637305848873,4.0
2414,8.75503423208034,8.781653677271631,8.723538195826755
5737,4.467391034925688,4.8097097678683465,4.621602099051862
414,6.059192543301471,6.303275307083938,5.740000204918113
752,6.600322338109469,6.900239874577878,6.301029995663981
4139,4.337999412305777,5.048412162700649,4.388276691992658
794,5.185267066127598,5.778087967566587,4.978810700930062
1879,7.777727776671412,8.014317747095491,7.080921907623926
2118,7.641703103287963,6.926778861307556,8.96018944585165
654,6.878212673992548,7.020912297702701,7.987162775294828
3039,5.082120357636945,5.130739592974701,4.0
2751,4.465038819165997,4.516855352571393,4.389552778557879
4981,5.862000072084609,5.612046928814991,5.892790030352131
5897,5.986547593799475,5.956619270020626,5.958607314841775
2299,5.611581148598455,5.37208908839889,5.568636235841013
3545,5.471709670923554,4.731449678438168,3.958607314841775
3247,7.071013708453217,6.050685936971438,5.552841968657781
2337,5.476830893824287,6.793576384339508,5.337242168318426
589,4.214937062122741,3.5720057066786253,3.0880000007225594
4860,5.543316940957419,5.789883601504129,5.2441251443275085
2552,6.568648279472453,6.651459635126939,7.209996479609511
1253,6.637766897639639,6.6407566674088505,6.769551078621726
2042,5.299684868333946,5.1186166304333,5.505845405981558
4900,5.0455348390566295,5.345162470296726,5.0
3411,8.853191832900535,8.710149266772897,8.460923901207224
2412,3.8280036595698697,4.857272416479333,2.778898880038495
5736,4.583029827359668,4.68951258676462,4.03240522732811
4558,5.442877783715969,5.117930213965928,4.589729035747816
701,5.545831459665985,5.064658174641669,5.036212172654444
2292,4.508828456364857,5.440961230766727,5.0
2329,6.751324160426385,5.7977197494983885,6.59176003468815
3984,5.263849917850808,5.717401579859846,5.180456064458132
1498,6.282097635922697,5.82258706932615,6.173925197299173
4733,3.791174360347134,5.033322253965215,4.111259039317107
208,6.104664704541545,5.435534952147246,5.203286936719104
1600,6.002511700456028,5.784818429037758,5.87942606879415
5654,5.75874636368375,5.572641938429013,5.319664486585437
425,7.544893663362534,7.1777750113368155,6.537602002101044
1383,7.423964109578691,6.621556640894201,7.449771646944906
5851,6.168509974666005,6.067061863732125,6.040958607678906
5760,5.0383377648745515,4.5733238663953255,5.962175249411658
1209,4.049321838251998,4.392165828321688,3.4436974992327127
1370,5.833865979087299,5.79822338416698,5.373659632624958
5376,5.23639766912698,5.7149622231078725,4.782516055786093
110,6.357920316419974,5.868288136842624,8.301029995663981
3198,7.125656688301107,7.765543089432631,7.199282921717615
6078,5.166715930981197,5.406338583294903,4.598599459218456
5209,5.204912861231473,5.286184196411508,5.0
2917,5.008306995088575,5.594151783392914,4.158202701125645
1354,4.691765513075975,4.40351549554644,3.8096683018297086
5574,5.302000545538756,5.257876400891886,5.0
4477,7.290860407184024,7.085771663413446,7.377785977033705
3254,6.522489451604414,6.699608317974485,6.271646217978772
3922,5.277526652237359,5.238810121756381,4.869023308394383
5372,5.318450075565001,5.239678501172836,4.97469413473523
5266,5.39293803740396,5.519737597258112,5.769551078621726
3655,4.187130289425696,4.12533008759953,3.843450848668218
6120,5.192929144453778,5.641075986715816,4.1180450286604
3539,6.134190187787403,5.5634161454898265,7.455931955649724
1699,6.900844432636239,6.557527963317026,5.876148359032914
1101,5.450747167950286,5.188265996410673,5.522878745280337
2330,5.415507317648802,5.757986583328035,3.7166987712964494
1129,5.405892763190721,5.96145189131296,7.67778070526608
3021,5.228313750433369,5.332039951519492,5.42021640338319
1609,6.287032101403754,6.16593803930555,5.943095148663527
437,5.156848872714766,5.150738927687571,5.3400001801593495
5359,8.373489706232744,8.834047383119348,8.688246138944246
5069,4.480876260358868,4.606211646002903,4.0
2170,4.75947691672074,5.095399248631438,4.58838029403677
4897,5.031897215095679,5.1521282939902795,5.0
2910,5.6026250298835825,5.784882240880961,5.037157318798758
5781,5.745487965593475,5.748158942493294,3.799696817018415
1533,7.711301379138935,7.297880253294425,8.015022873584506
107,5.79125342096376,5.611371076380202,5.522878745280337
5916,4.691715549792659,5.680669184203366,4.236572006437063
29,5.674964245039308,5.2686540611933665,4.301029995663981
2845,5.5387720467361214,5.647046130701136,5.607303046740334
4307,4.217773561072474,4.688837008222357,4.0
1744,5.992439157867091,6.817569783642359,7.337242168318426
5993,4.893303248412132,5.370691337462293,4.115771230367396
1513,5.879541095647661,6.266272733348607,4.958607314841775
751,6.53010979574174,5.5632807950753245,6.568636235841013
3604,5.392270646235879,5.5921117342258615,5.314258261397736
584,3.487987472086418,3.5566301691837503,3.072000002122498
196,6.408022207249464,6.693173832794535,6.920818753952375
4957,5.848133205408218,5.9841121156419534,5.886056647693163
2317,5.122352075859681,5.381708759507625,5.5300307905000405
4331,6.221672855273379,6.723665939516812,5.0
2166,5.404955880901308,4.6488675889692175,4.455931955649724
1942,6.051012097107789,6.313807878558947,5.318758762624412
1871,7.595108835345659,7.044304313869737,6.7447274948966935
4003,6.075729486322867,6.079463688433077,6.0
4511,4.33904061647171,5.068631022846185,4.698970004336019
4055,3.6090661385139646,4.057925338831799,3.744727494896694
1002,5.97247151717296,6.108991621202074,5.096910013008056
5694,6.388478282521222,6.461258648312275,6.320390428220244
2850,5.135289431051524,5.201045235416175,5.580044251510242
5563,4.320020896562859,4.622494931498801,4.301029995663981
5048,4.824283432941448,5.594221386553628,6.337242168318426
5990,4.6878771245694795,4.71630451697515,4.863913902615902
3049,4.761333553054919,4.881379331042348,4.17763574755845
179,6.291306527364743,4.956904305568879,6.785156151952302
4368,6.379011339243742,6.297161121798458,7.568636235841013
1788,7.0708382166134385,7.343501060692667,8.55284196865778
5751,5.740795492581049,5.530567687265409,5.662341108973858
2228,5.898657404410024,5.828227796285858,6.886056647693163
3245,5.767033369402321,5.740273553289082,4.8124792791635365
2572,4.875911434720761,5.170886653180737,5.410000161858408
3630,5.381414951957626,5.2244806549611225,5.00436480540245
2276,6.587504361135779,7.237582039595052,6.341988603342887
3169,5.551380200601455,5.291046344917801,5.552841968657781
4290,6.781182338300608,6.161573401583628,4.838631997765025
1835,4.848924827042974,4.486892822692841,4.886056647693163
1128,5.445352578072468,5.503669263452657,5.494348158769009
4323,6.482239922905274,6.29848592763197,6.047691990337875
90,6.322086761533576,6.5713406105117596,6.42021640338319
3808,6.889000313524044,6.6983313982738855,5.673664139071248
5411,2.3732907729269748,3.1131658343838495,2.497163361378997
2894,5.728696634580955,5.3873707150804355,4.6020599913279625
4614,6.225038148220507,6.2244365744366545,5.785156151952302
5151,5.473920598498196,5.152349684458693,5.040958607678906
3754,7.019377027565407,5.873692420465824,5.981299501333757
624,4.766205888970838,4.3498780913888755,4.251811972993799
69,3.2410134713434866,3.5475001454820405,3.677780705266081
4507,4.7069468618023755,4.920779331389602,4.698970004336019
889,6.6326496319814305,6.030331348239559,7.552841968657781
5629,5.0168651130809865,4.992176115835596,5.0
5317,5.8980079606935805,7.51398187033906,6.337242168318426
3771,6.007962646435764,6.176869237815043,5.950781977329818
1747,6.699677363556989,7.170671500812791,6.688246138944246
3634,4.465544797610134,5.325175532865156,5.200659450546418
1485,8.37656698362258,7.735146392594033,8.667561540084394
3977,6.362082807827033,6.816659275709406,5.886056647693163
877,5.009422054686916,5.314993431099009,4.860000083248981
1564,7.539246605047485,6.920466817654443,7.795880017344075
5537,4.403680326209729,4.83188037966617,4.301029995663981
764,5.648087601596997,5.293429532717007,5.97061622231479
293,5.909461867547619,6.19133812075365,8.522878745280337
2410,3.7406558213606638,5.143465877295649,2.606231819841255
3388,2.5909653203790692,3.1980299613800134,2.665546248849069
445,8.184173877373997,8.416421183222006,8.443697499232712
468,4.8061032521169365,5.257034097041558,4.0
4450,5.524390612261216,5.399790003535105,5.079876673709276
3176,4.953151971938213,5.200971909412036,5.102372908709558
432,6.430265179686077,6.458462151657527,7.585026652029182
4822,6.568826010778713,5.22897943494676,6.215382707367125
5881,4.528520785534299,4.40757946570791,5.136677139879544
3887,5.6852807631871976,5.0878203254841745,5.730487055782084
3862,5.947040382213602,5.893146151814558,5.976747540366288
4272,4.61283323232995,4.344209937574159,3.7266977214323433
367,8.19479121594254,8.35717051495125,9.522878745280336
5263,5.427543576953854,5.3065872969699255,5.6020599913279625
1765,7.490180609282005,7.4082862391367135,8.045757490560675
5378,6.563599402285732,6.697137967244882,6.879261594457057
5610,5.5065209689082275,5.415667496286625,5.0
3264,6.972457089294669,7.164834361652936,6.493494967595128
3139,5.166253274873797,5.853621053853776,5.958607314841775
2440,8.693744908618926,8.673919025863162,8.638272163982407
2245,6.831164700824563,6.575882428207356,7.221848749616356
3405,2.61966494964624,2.1579356042800324,2.1687703061329366
5483,4.6268721474112,5.080181342784149,4.919012953089113
2091,3.8184804595611435,3.910841275473805,3.9788107009300617
5998,6.10571937221194,6.162678642039843,6.271646217978772
151,6.585849748377878,6.390295369871166,6.7447274948966935
1033,8.75503423208034,9.300062959023153,9.481486060122112
915,4.775829401958769,4.5268010608075615,4.370000019141632
4196,5.940634737858659,6.1327451015969086,6.050609993355087
2788,6.2910998058824745,6.218640853937458,7.154901959985743
3842,7.949209051857707,7.716868396255527,8.886056647693163
3740,4.805116851237208,4.658623467018558,3.823908740944319
5522,4.56192678288322,4.04319710845196,4.0
1654,5.769985495939271,5.4956742513427,5.958607314841775
748,6.314990294492815,6.761778741302962,6.431798275933005
2951,3.632429465796372,4.37297058578535,3.320572103387881
5973,6.044875733796603,5.987124485898643,5.896196279044043
5344,4.718735370475763,4.715139907812721,5.180456064458132
3479,5.481242868228543,5.620605057889185,5.468521082957745
5627,5.484937727500008,5.688704725973105,5.889410289700751
4201,5.6220310112864205,5.017831755241831,6.119186407719209
4462,7.605488489348702,7.568151504012657,8.27490547891853
4420,9.936288710321994,9.949368795148901,10.869023308394382
3785,4.851497266657324,5.291176471039643,4.366531544420414
471,4.451493591802732,4.74031271951157,4.924453038607469
3102,4.806339833457202,5.135145605372675,4.454445492765935
5456,5.438424610997798,5.038242163571363,5.327902142064283
1212,5.287643565934744,6.010909239427462,5.468521082957745
3877,6.902472048695386,6.088504272059882,6.749579997691106
5782,4.66577377346593,6.775255189431537,5.657577319177793
3708,6.060435427301939,6.024885872667391,6.161150909262744
896,4.028487740656881,4.97633408043776,5.190000154058473
1874,7.566777096822219,6.329923013757128,7.1487416512809245
251,4.837650942441264,4.928261055797271,5.0
5210,5.431696817664259,5.556641993442578,5.0
2199,4.785279301201278,4.744048506185199,4.634512015109101
2163,4.762678250268848,4.670461083576995,4.455931955649724
4930,4.899896593784369,5.421568154227343,5.0
57,4.968917400683402,6.490324191300771,5.698970004336019
3313,6.218682377050578,6.1756793304249795,5.570247719997592
292,4.39789041901218,4.734483726161765,4.154901959985743
6074,8.509328056811814,8.478200771100006,7.889410289700751
2093,5.95073108530884,4.965508338668621,5.522878745280337
5919,5.3733234305717055,5.555815650974771,6.148130399270234
1170,5.123270206710548,5.130186570064961,6.0
4347,7.050613460267032,6.31387065900656,7.782516055786093
4315,6.268484832990039,6.939895306188983,7.653647025549361
3612,5.229493065451683,5.206331405766826,5.229147988357856
5955,5.081290730538095,5.445614442953105,4.97798426018228
2347,3.8150672184185024,4.7338388951473345,4.57218942732401
5284,5.670811152972965,6.486355972018751,6.0
4382,5.82549446093602,5.601408652542435,5.0
1837,5.50813634801629,4.414522686743481,4.2441251443275085
2127,8.250485163885855,7.90278776806598,8.33998877871067
4603,4.763933930068159,4.3255675301374525,4.853871964321762
3607,5.855616398956492,5.971313203103378,5.772113295386326
613,3.4006367993500772,3.463893814470689,2.521000000603387
5357,8.373489706232744,8.129279889210814,8.265200170411154
3349,5.878440796787197,5.841951658701964,5.4089353929735005
5677,5.388211122070727,5.598847344544912,5.0
5637,4.372430466428003,4.232922684758879,8.193820026016112
5515,4.755443715736723,4.330585848357965,4.0
505,3.743590733877096,4.039234333083722,4.115771230367396
6096,7.171892046666539,6.716000793807036,7.089375595110798
272,5.427779540812435,5.258192303717989,5.221848749616356
2375,7.2346325583814535,6.814087974800387,7.185086818724926
2952,3.5940658410916906,4.21142423468729,3.404503778174426
4169,5.504063291700709,5.437736356746002,5.6777807052660805
2099,5.708860427942044,5.569083278913535,4.519993057042849
5112,5.547346930363396,5.373037968634001,5.058488567365597
106,5.436081071813722,5.692616760768743,5.1399999760652255
1176,5.074858793031943,5.196477723989467,4.928117992693875
6082,6.164084214881842,5.733482252176455,4.4699284311626215
952,6.401485166817118,6.64260415530341,6.42021640338319
2271,7.74502468178061,8.489372491011137,7.856985199745905
4803,5.73068560607348,6.150486283589841,8.38615817812393
4786,4.550463920561014,4.84256726253149,4.357535479757878
4731,4.317789829017222,4.841169188234293,5.187086643357144
2420,8.75503423208034,8.729368289132,8.377785977033705
1024,7.3725584132184485,7.307595827432674,7.415668775632469
1870,7.595108835345659,7.154487131476934,6.832682665251824
4624,6.932124529325693,6.834301892121327,6.494850021680094
416,5.928508467723094,5.569290088908731,5.2839966563652006
5327,4.73763540384781,4.793735455298855,4.912218582190458
1559,7.007289240274314,7.720712824465251,5.899998417198648
4641,3.8705070195329685,4.1519302471642625,3.3165026823201886
564,4.073696174945437,4.386739177550358,3.703334809738469
478,4.310479546439388,4.398407520680844,5.070581074285707
3878,5.549033077099545,5.797120716923446,6.866461091629782
142,6.989218868461265,6.811020311580012,6.958607314841775
3467,5.43177089717076,6.273216147480457,6.238072161579471
1225,4.7725684891282025,4.573775671597214,4.777283528852417
5894,6.5074361517013894,6.121019380531867,6.296708621881338
4693,7.426243411876648,7.806556301093259,8.568636235841012
605,5.483550803004922,5.036903063407453,3.621999996892253
1803,7.572865867117003,7.45489283850671,6.795880017344075
3520,7.205029493368722,7.435578447360756,7.434034182553333
1242,6.566729454159315,6.413738678055814,6.913640169325252
497,6.89203031029248,7.05174278013667,8.0
1181,6.250084658204691,7.589529176597449,5.579999668433626
6021,6.674480058294085,7.510207955797901,5.482804102050026
3525,7.804606938218746,7.364231090901886,6.569151260487084
4602,4.545945239209628,4.0170353098993585,3.721246399047171
721,6.344208924851318,6.259902713380823,6.167491087293763
2948,4.110544505297693,4.140726196991709,3.493494967595128
1025,7.3725584132184485,7.691965700333024,7.521433504406157
2447,8.453447632568516,8.299550792415749,8.638272163982407
2996,4.912198346404201,5.269812445203085,5.460923901207224
2053,5.284870111886428,5.026711942565906,5.2839966563652006
4579,5.5700879945979125,5.5827232568949094,6.0655015487564325
2988,3.015481827257634,3.4786104956707775,2.7471469690201067
3820,6.044439991151234,5.736814525839454,5.238072161579471
4927,4.972025061029286,4.878881255530529,5.584359020103846
1886,5.928803886382578,6.102531009327357,7.4089353929735005
5472,5.138211438205176,5.313165198510607,4.65521487736734
4076,4.708452062523447,4.324196868909728,3.6989700043360174
2584,4.996292393237496,5.309750882589335,4.619999985338959
1720,6.828314869721107,6.641380745716622,7.42021640338319
336,7.51056395219122,6.955538099461678,7.585026652029182
5360,8.366779576541697,8.152274241665006,7.319664486585437
2577,5.250779535024903,5.326394837720447,5.809999051930338
5942,4.900090702370077,5.418620661412058,4.747146969020107
5687,5.228972590575683,4.981981742545048,5.421360790031928
5934,5.365200156642312,5.636306284743739,5.3979400086720375
2107,6.861510780092026,7.045087994357802,7.400007822415902
1483,5.030960230098642,5.409014555609137,6.267606240177032
4335,7.019114216204186,6.730706408935424,6.95663772197887
3908,5.119327252351963,4.785924145292757,4.839231438138872
724,6.745674167729126,6.404957273108926,5.920818753952375
765,5.146093586915,5.171377579085474,4.684029654543083
286,5.72090975401652,5.844415047612695,5.356547323513812
2638,4.664512459433284,4.62665783096705,5.101274818410507
307,5.250638803519933,4.7312382901488,5.221848749616356
2273,8.497810694240176,8.861778820933122,7.91721462968355
4758,6.345400695151744,6.403754200298048,5.238824186844268
2133,4.865912967160016,4.529676665247615,4.443697499232712
5544,4.574238996738233,4.701427867351514,4.301029995663981
1891,4.658729980606355,4.847912193202828,3.779630367548605
1310,4.402021658548625,4.660191921197585,4.301029995663981
5185,4.685854207780877,5.061208198544026,5.045757490560675
1612,4.459119109749444,4.083067886996663,2.896196279044043
71,6.525962398383254,6.3791927305024805,7.096910013008056
5132,7.566182136802631,7.091178616182868,7.359518563029578
711,8.204051801462013,7.327171886287354,8.339134521996131
5746,3.9304182537116685,5.608503858973786,4.256411849840096
1020,7.672042382698174,8.486242591720085,8.387216143280265
2543,7.107587453438746,7.002764149802663,6.769551078621726
1966,8.263105208385381,8.732984577551013,7.022276394711152
2389,3.760069646835605,4.173294420427452,4.031517051446065
737,6.462737876792666,6.620413512177499,6.585026652029182
4022,5.4596241769476475,5.199484550386271,3.0
2535,5.0164383405842425,5.518927755719551,5.084072788302884
3189,6.977257426225576,7.545664424543039,6.488116639021126
5680,5.130937733796247,5.259147101397082,5.135488918941608
1244,6.548383938674024,6.085929781846733,4.609064892896621
4367,6.375275410084531,6.853246370958524,6.6777807052660805
1095,5.034488331367909,5.383039579623054,5.522878745280337
3536,4.869001365140308,5.099952310588209,4.0
3450,6.2215593500719795,7.076687218760134,7.540607512240769
4949,5.865112039637202,5.923048886821443,5.431798275933005
2966,7.060755110978933,5.563073913670008,5.853871964321762
4073,8.052796969222893,7.566789564017982,8.443697499232712
978,6.650913506145076,6.025396950256248,6.1249387366083
1221,4.3822999688422986,5.404697004866615,5.539102157243452
5208,5.280538723481827,5.017760370920513,5.434270212168873
5381,7.334754080989324,6.832070363881957,7.10100072911021
1322,4.671932831779868,4.15936611284945,4.301029995663981
5785,6.2563815344671285,6.686027200796967,6.860120913598763
344,8.177080049682722,7.397670091934415,8.108016769148033
2287,4.8914502465538545,4.507735028545173,4.863279432843593
911,6.669453084485763,6.990805188121746,6.798602875679548
1737,6.434677006600805,6.828792895265553,6.229147988357855
47,6.55278179297075,6.286596844661674,7.522878745280337
5755,5.522230223316309,4.895430135054927,5.957818405484233
5298,7.187025708624747,7.863816222976166,9.096910013008056
443,5.997182702638691,7.465177840825536,9.0
2119,7.807604379038306,7.3919990357200245,8.059981844992336
3586,5.390639145233208,5.603224499933698,5.173277479831008
3783,4.823633353417536,4.868553723563808,3.6989700043360174
3082,7.26166152457249,7.451377964463044,7.025949097207123
2254,7.764817845539355,7.89436590488467,8.522878745280337
3980,4.860180427371382,4.790666633080795,5.0
3806,6.789603485860133,6.478053654177917,5.543633966870957
1864,5.877231492969728,5.625501306388271,5.853871964321762
5426,6.318010023151204,6.181419638110933,6.267606240177032
1055,12.21652404216741,10.691265619388,11.096910013008056
848,5.573647776565544,5.3135496217363425,6.769551078621726
5135,5.4252836550758925,5.426322573388806,6.055517327849832
3666,6.620069669269421,8.559108797413717,7.800793520838342
1235,5.671017859523102,6.030524113071816,6.8297382846050425
